Id,Name,Description,Difficulty,Type,Area
0,Open the Leagues Menu ,Open the Leagues Menu found within the Journal Panel.,Easy,Other,Common
1,Complete the Leagues Tutorial ,Complete the Leagues Tutorial and begin your adventure.,Easy,Other,Common
2,Achieve Your First Level Up ,Level up any of your skills for the first time.,Easy,Total levels,Common
3,Achieve Your First Level 5 ,Reach level 5 in any skill (not including Agility Hitpoints and Runecraft).,Easy,Total levels,Common
4,Achieve Your First Level 10 ,Reach level 10 in any skill (not including Agility and Hitpoints).,Easy,Total levels,Common
5,Achieve Your First Level 20 ,Reach level 20 in any skill.,Easy,Total levels,Common
6,Reach Total Level 100 ,Reach a Total Level of 100.,Easy,Total levels,Common
7,Reach Total Level 250 ,Reach a Total Level of 250.,Easy,Total levels,Common
8,Reach Total Level 500 ,Reach a Total Level of 500.,Easy,Total levels,Common
9,Reach Base Level 5 ,Reach level 5 in every skill.,Easy,Total levels,Common
10,Reach Base Level 10 ,Reach level 10 in every skill.,Easy,Total levels,Common
11,Reach Base Level 20 ,Reach level 20 in every skill.,Easy,Total levels,Common
12,Pickpocket a Citizen ,Pickpocket a Man or a Woman.,Easy,Skilling,Common
13,Open 28 Coin Pouches At Once ,Open 28 Coin Pouches at once.,Easy,Skilling,Common
14,Steal a Chocolate Slice ,Steal a chocolate slice from a bakery stall. ,Easy,Skilling,Common
15,Rake a Farming Patch ,Rake any farming patch,Easy,Skilling,Common
16,Plant Seeds in an Allotment Patch ,Plant some seeds in an allotment patch.,Easy,Skilling,Common
17,Protect Your Crops ,Pay a farmer to protect any of your crops.,Easy,Skilling,Common
18,Chop Some Logs ,Chop any kind of logs.,Easy,Skilling,Common
19,Chop Some Logs With a Steel Axe ,Chop any kind of logs using a steel axe. ,Easy,Skilling,Common
20,Obtain a Bird Nest ,Obtain a Bird Nest whilst cutting down trees.,Easy,Skilling,Common
21,Cook a Shrimp ,Cook a Raw Shrimp.,Easy,Skilling,Common
22,Burn Some Food ,Burn any kind of food while trying to cook it.,Easy,Skilling,Common
23,Successfully Cook 5 Pieces of Food ,Cook 5 pieces of food in a row without burning them.,Easy,Skilling,Common
24,Mine some Copper Ore ,Mine some Copper Ore.,Easy,Skilling,Common
25,Mine some Ore With a Steel Pickaxe ,Mine any ore using a Steel Pickaxe. ,Easy,Skilling,Common
26,Obtain a Gem While Mining ,Obtain any kind of gem whilst mining a rock.,Easy,Skilling,Common
27,Fletch Some Arrow Shafts ,Fletch some arrow shafts.,Easy,Skilling,Common
28,Fletch an Oak Shortbow ,Fletch an Oak Shortbow. ,Easy,Skilling,Common
29,Fletch 150 Iron Arrows ,Fletch 150 iron arrows. ,Easy,Skilling,Common
30,Receive a Slayer Task ,Receive a slayer task from any Slayer Master.,Easy,Combat,Common
31,Equip a Spiny Helmet ,Equip a Spiny Helmet. ,Easy,Combat,Common
32,Earn Some Slayer Points ,Earn some slayer points by completing a Slayer Task. ,Easy,Combat,Common
33,Check Your Slayer Task ,Use an Enchanted Gem to check your Slayer Task.,Easy,Combat,Common
34,Spin a Ball of Wool ,Use a Spinning Wheel to spin a Ball of Wool.,Easy,Skilling,Common
35,Cut a Sapphire ,Cut a Sapphire. ,Easy,Skilling,Common
36,Craft a Leather Body ,Craft a Leather Body. ,Easy,Skilling,Common
37,Catch a Shrimp ,Catch a Raw Shrimp whilst fishing.,Easy,Skilling,Common
38,Catch a Herring ,Catch a Raw Herring whilst fishing. ,Easy,Skilling,Common
39,Catch an Anchovy ,Catch a Raw Anchovy whilst fishing. ,Easy,Skilling,Common
40,Smelt a Bronze Bar ,Use a Furnace to smelt a Bronze Bar.,Easy,Skilling,Common
41,Smelt an Iron Bar ,Use a Furnace to smelt an Iron Bar. ,Easy,Skilling,Common
42,Smith 150 Iron Arrowtips ,Use an Anvil to smith 150 Iron Arrowtips. ,Easy,Skilling,Common
43,Purchase a Player Owned House ,Purchase a Player Owned House.,Easy,Skilling,Common
44,Build a Room in Your Player Owned House ,Build a room in your Player Owned House.,Easy,Skilling,Common
45,Turn a Log Into a Plank ,Use a Sawmill to turn a Log into a Plank.,Easy,Skilling,Common
46,Visit the Rune Essence Mine ,Visit the Rune Essence Mine.,Easy,Skilling,Common
47,Craft Any Rune ,Use a Runecrafting Altar to craft any type of rune.,Easy,Skilling,Common
48,Locate a Runecrafting Altar With a Talisman ,Use any talisman to check the location of a Runecrafting Altar.,Easy,Skilling,Common
49,Burn Some Normal Logs ,Burn some Normal Logs.,Easy,Skilling,Common
50,Burn Some Oak Logs ,Burn some Oak Logs. ,Easy,Skilling,Common
51,Light a Torch ,Light a Torch.,Easy,Skilling,Common
52,Catch a Baby Impling ,Catch a Baby Impling. ,Easy,Skilling,Common
53,Snare a Bird ,Catch any bird with a Bird Snare.,Easy,Skilling,Common
54,Obtain a Mark of Grace ,Obtain a Mark of Grace from any Rooftop Agility Course. ,Easy,Skilling,Common
55,Complete a Rooftop Agility Course ,Complete a lap of any Rooftop Agility Course. ,Easy,Skilling,Common
56,Clean a Grimy Guam ,Clean a Grimy Guam. ,Easy,Skilling,Common
57,Make an Attack Potion ,Make an Attack Potion. ,Easy,Skilling,Common
58,Drink a Strength Potion ,Drink a Strength Potion.,Easy,Skilling,Common
59,Reach Combat Level 10 ,Reach Combat Level 10.,Easy,Combat,Common
60,Reach Combat Level 25 ,Reach Combat Level 25.,Easy,Combat,Common
61,Visit Death's Domain ,Visit Death's Domain.,Easy,Other,Common
62,Equip a Mithril Weapon ,Equip any Mithril weapon. ,Easy,Combat,Common
63,Equip a Full Mithril Set ,Equip a Mithril Platebody a Mithril Full Helm and either some Mithril Platelegs or a Mithril Plateskirt. ,Easy,Combat,Common
64,Equip a Studded Body and Chaps ,Equip a Studded Body along with some Studded Chaps. ,Easy,Combat,Common
65,Equip a Maple Shortbow ,Equip a Maple Shortbow. ,Easy,Combat,Common
66,Equip an Elemental Staff ,Equip a basic elemental staff.,Easy,Combat,Common
67,Cast Home Teleport ,Cast the Home Teleport spell.,Easy,Other,Common
68,Equip a Wizard Robe and Hat ,Equip any wizard robe along with any wizard hat.,Easy,Combat,Common
69,Bury Some Bones ,Bury any kind of Bones.,Easy,Combat,Common
70,Restore 5 Prayer Points at an Altar ,Restore 5 or more Prayer Points at any altar. ,Easy,Combat,Common
71,Superhuman Strength and Improved Reflexes ,Use both the Superhuman Strength prayer and the Improved Reflexes prayer at the same time. ,Easy,Combat,Common
72,Defeat a Goblin ,Defeat a Goblin. After all this is not the Goblin League.,Easy,Combat,Common
73,Defeat a Guard ,Defeat a Guard.,Easy,Combat,Common
74,Defeat a Moss Giant ,Defeat a Moss Giant.,Easy,Combat,Common
75,Complete a Beginner Clue Scroll ,Complete a beginner clue scroll by opening a Reward Casket.,Easy,Clues,Common
76,Complete an Easy Clue Scroll ,Complete an easy clue scroll by opening a Reward Casket.,Easy,Clues,Common
77,Gain a Unique Item From a Beginner Clue ,Gain a unique item from a Beginner Clue Scroll Reward Casket.,Easy,Clues,Common
78,Gain a Unique Item From an Easy Clue ,Gain a unique item from an Easy Clue Scroll Reward Casket.,Easy,Clues,Common
79,Burn Some Coloured Logs ,Burn some logs that have been coloured with a firelighter.,Easy,Clues,Common
80,Eat some Purple Sweets ,Eat some Purple Sweets.,Easy,Clues,Common
81,Enter your Player Owned House ,Enter your Player Owned House.,Easy,Skilling,Common
82,Complete the Easy Western Provinces Diary ,Complete all of the easy tasks in the Western Provinces Achievement Diary. ,Easy,Diaries,Common
83,Achieve Your First Level 30 ,Reach level 30 in any skill.,Medium,Total levels,Common
84,Achieve Your First Level 40 ,Reach level 40 in any skill.,Medium,Total levels,Common
85,Achieve Your First Level 50 ,Reach level 50 in any skill.,Medium,Total levels,Common
86,Reach Total Level 750 ,Reach a Total Level of 750.,Medium,Total levels,Common
87,Reach Total Level 1000 ,Reach a Total Level of 1000.,Medium,Total levels,Common
88,Reach Total Level 1250 ,Reach a Total Level of 1250.,Medium,Total levels,Common
89,Reach Base Level 30 ,Reach level 30 in every skill.,Medium,Total levels,Common
90,Reach Base Level 40 ,Reach level 40 in every skill.,Medium,Total levels,Common
91,Reach Base Level 50 ,Reach level 50 in every skill.,Medium,Total levels,Common
92,Pickpocket a Guard ,Pickpocket a Guard. ,Medium,Skilling,Common
93,Obtain 800 Coins From Coin Pouches At Once ,Open a stack of coin pouches and obtain at least 800 Coins. ,Medium,Skilling,Common
94,Pickpocket a Ranarr Seed ,Pickpocket a Ranarr Seed from a Master Farmer. ,Medium,Skilling,Common
95,Harvest an Irit Leaf ,Harvest an Irit Leaf from any Herb Patch. ,Medium,Skilling,Common
96,Fill a Bucket With Supercompost ,Fill a Bucket with Supercompost from a Compost Bin.,Medium,Skilling,Common
97,Check a grown Fruit Tree ,Check the health of any fruit tree you've grown. ,Medium,Skilling,Common
98,Chop 100 Willow Logs ,Chop 100 Willow Logs from willow trees. ,Medium,Skilling,Common
99,Chop Some Logs With a Rune Axe ,Chop any kind of logs using a Rune Axe. ,Medium,Skilling,Common
100,Build a Waka Canoe ,Build a Waka Canoe. ,Medium,Skilling,Common
101,Ferment 100 Jugs of Wine ,Successfully ferment 100 jugs of wine. ,Medium,Skilling,Common
102,Cook 100 Lobsters ,Cook 100 Raw Lobsters. ,Medium,Skilling,Common
103,Make a Pineapple Pizza ,Make a Pineapple Pizza. ,Medium,Skilling,Common
104,Mine 50 Iron Ore ,Mine 50 Iron Ore. ,Medium,Skilling,Common
105,Mine some Ore With a Rune Pickaxe ,Mine any ore using a Rune Pickaxe. ,Medium,Skilling,Common
106,Obtain a Clue Geode While Mining ,Obtain any kind of clue geode whilst mining a rock.,Medium,Skilling,Common
107,Fletch a Willow Shortbow ,Fletch a willow shortbow. ,Medium,Skilling,Common
108,Create a Mithril Grapple ,Create a mithril grapple. ,Medium,Skilling,Common
109,Fletch some Broad Arrows or Bolts ,Fletch either some Broad Arrows or some Broad Bolts. ,Medium,Skilling,Common
110,Unlock Bigger and Badder ,Purchase the Bigger and Badder unlock from the Slayer Rewards Shop.,Medium,Combat,Common
111,Slay 250 Creatures ,Slay 250 creatures whilst on a Slayer Task.,Medium,Combat,Common
112,Defeat a Superior Slayer Creature ,Defeat any Superior Slayer Creature. ,Medium,Combat,Common
113,Craft 100 Unpowered Orbs ,Craft 100 Unpowered Orbs. ,Medium,Skilling,Common
114,Craft an Emerald Ring ,Craft an Emerald Ring. ,Medium,Skilling,Common
115,Craft a Ruby Amulet ,Craft a Ruby Amulet. ,Medium,Skilling,Common
116,Catch 100 Lobsters ,Catch 100 Raw Lobsters whilst fishing. ,Medium,Skilling,Common
117,Catch 50 Swordfish ,Catch 50 Raw Swordfish whilst fishing. ,Medium,Skilling,Common
118,Catch 50 Salmon ,Catch 50 Raw Salmon whilst fishing. ,Medium,Skilling,Common
119,Smith a Steel Platebody ,Use an Anvil to smith a Steel Platebody. ,Medium,Skilling,Common
120,Smelt a Steel Bar ,Use a Furnace to smelt a Steel Bar. ,Medium,Skilling,Common
121,Build a Mahogany Portal ,Build a mahogany portal in a Portal Chamber in your Player Owned House. ,Medium,Skilling,Common
122,Build an Oak Larder ,Build an oak larder in a Kitchen in your Player Owned House. ,Medium,Skilling,Common
123,Fill a Medium S.T.A.S.H. Unit ,Build a Medium S.T.A.S.H. unit and fill it with the relevant items. ,Medium,Clues,Common
124,Craft 200 Essence Into Runes ,Use Runecrafting Altars to craft 200 essence into runes of any type.,Medium,Skilling,Common
125,Craft 4 Runes With 1 Essence ,Use a Runecrafting Altar to craft 4 of any type of rune using a single essence. ,Medium,Skilling,Common
126,Craft Any Combination Rune ,Use a Runecrafting Altar to craft any type of combination rune. ,Medium,Skilling,Common
127,Burn 100 Willow Logs ,Burn 100 Willow Logs. ,Medium,Skilling,Common
128,Equip a Harpie Bug Lantern ,Equip a Bug lantern. ,Medium,Combat,Common
129,Light a Bullseye Lantern ,Light a Bullseye Lantern. ,Medium,Skilling,Common
130,Equip full Graahk Larupia or Kyatt ,Equip a full set of Graahk Larupia or Kyatt attire. ,Medium,Skilling,Common
131,Catch a Swamp Lizard or Salamander ,Catch either a Swamp Lizard or any kind of Salamander. ,Medium,Skilling,Common
132,Catch a Butterfly ,Catch any butterfly. ,Medium,Skilling,Common
133,Complete 50 Laps of a Rooftop Agility Course ,Complete 50 laps of any Rooftop Agility Course. ,Medium,Skilling,Common
134,Make 30 Prayer Potions ,Make 30 Prayer Potions. ,Medium,Skilling,Common
135,Clean a Grimy Avantoe ,Clean a Grimy Avantoe. ,Medium,Skilling,Common
136,Make a Potion With an Amulet of Chemistry ,Make any 4 dose potion using an Amulet of Chemistry. ,Medium,Skilling,Common
137,Reach Combat Level 50 ,Reach Combat Level 50.,Medium,Combat,Common
138,Reach Combat Level 75 ,Reach Combat Level 75.,Medium,Combat,Common
139,Perform a Special Attack ,Perform any special attack.,Medium,Combat,Common
140,Equip an Adamant Weapon ,Equip any Adamant weapon. ,Medium,Combat,Common
141,Equip a Rune Weapon ,Equip any Rune weapon. ,Medium,Combat,Common
142,Equip a Full Adamant Set ,Equip a Adamant Platebody a Adamant Full Helm and either some Adamant Platelegs or a Adamant Plateskirt. ,Medium,Combat,Common
143,Equip a Full Rune Set ,Equip a Rune Platebody a Rune Full Helm and either some Rune Platelegs or a Rune Plateskirt. ,Medium,Combat,Common
144,Equip a Full Green Dragonhide Set ,Equip a green d'hide body some green d'hide chaps and some green d'hide vambs. ,Medium,Combat,Common
145,Equip a Full Blue Dragonhide Set ,Equip a blue d'hide body some blue d'hide chaps and some blue d'hide vambs. ,Medium,Combat,Common
146,Equip a Full Red Dragonhide Set ,Equip a red d'hide body some red d'hide chaps and some red d'hide vambs. ,Medium,Combat,Common
147,Equip a Yew Shortbow ,Equip a Yew Shortbow. ,Medium,Combat,Common
148,Equip an Elemental Battlestaff or Mystic Staff ,Equip either an elemental battlestaff or an elemental mystic staff. ,Medium,Combat,Common
149,Cast a Blast Spell ,Cast any blast spell. ,Medium,Combat,Common
150,Teleport Using Law Runes ,Cast any teleport spell that uses Law Runes. ,Medium,Skilling,Common
151,Cast High Level Alchemy ,Cast the High Level Alchemy spell. ,Medium,Skilling,Common
152,Equip a Piece of a Mystic Set ,Equip any piece of any Mystic robe set. ,Medium,Combat,Common
153,Use the Protect from Melee Prayer ,Use the Protect from Melee prayer. ,Medium,Combat,Common
154,Bury Some Wyvern or Dragon Bones ,Bury either some Wyvern Bones or some Dragon Bones.,Medium,Combat,Common
155,Reach a Prayer Bonus of 15 ,Equip enough item to reach a Prayer bonus of 15 or more.,Medium,Combat,Common
156,Defeat a Lesser Demon ,Defeat a Lesser Demon.,Medium,Combat,Common
157,Defeat an Adult Chromatic Dragon ,Defeat either an adult Green Dragon Blue Dragon Red Dragon or Black Dragon.,Medium,Combat,Common
158,Complete a Medium Clue Scroll ,Complete a medium clue scroll by opening a Reward Casket.,Medium,Clues,Common
159,Complete a Hard Clue Scroll ,Complete a hard clue scroll by opening a Reward Casket.,Medium,Clues,Common
160,Gain a Unique Item From a Medium Clue ,Gain a unique item from a Medium Clue Scroll Reward Casket.,Medium,Clues,Common
161,Gain a Unique Item From a Hard Clue ,Gain a unique item from a Hard Clue Scroll Reward Casket.,Medium,Clues,Common
162,Gain 10 Unique Items From Beginner Clues ,Gain 10 unique items from Beginner Clue Scroll Reward Caskets.,Medium,Clues,Common
163,Gain 10 Unique Items From Easy Clues ,Gain 10 unique items from Easy Clue Scroll Reward Caskets.,Medium,Clues,Common
164,Gain 10 Unique Items From Medium Clues ,Gain 10 unique items from Medium Clue Scroll Reward Caskets.,Medium,Clues,Common
165,Gain 5 Unique Items From Hard Clues ,Gain 5 unique items from Hard Clue Scroll Reward Caskets.,Medium,Clues,Common
166,Fill 5 Beginner Clue Collection Log Slots ,Fill 5 slots in the Beginner Clue section of the Collection Log.,Medium,Clues,Common
167,Fill 5 Easy Clue Collection Log Slots ,Fill 5 slots in the Easy Clue section of the Collection Log.,Medium,Clues,Common
168,Fill 5 Medium Clue Collection Log Slots ,Fill 5 slots in the Medium Clue section of the Collection Log.,Medium,Clues,Common
169,Fill 3 Hard Clue Collection Log Slots ,Fill 3 slots in the Hard Clue section of the Collection Log.,Medium,Clues,Common
170,Fill 3 Elite Clue Collection Log Slots ,Fill 3 slots in the Elite Clue section of the Collection Log.,Medium,Clues,Common
171,Equip a Trimmed Amulet ,Equip a Trimmed Amulet.,Medium,Clues,Common
172,Complete the Medium Western Provinces Diary ,Complete all of the medium tasks in the Western Provinces Achievement Diary. ,Medium,Diaries,Common
173,Achieve Your First Level 60 ,Reach level 60 in any skill.,Hard,Total levels,Common
174,Achieve Your First Level 70 ,Reach level 70 in any skill.,Hard,Total levels,Common
175,Achieve Your First Level 80 ,Reach level 80 in any skill.,Hard,Total levels,Common
176,Reach Total Level 1500 ,Reach a Total Level of 1500.,Hard,Total levels,Common
177,Reach Total Level 1750 ,Reach a Total Level of 1750.,Hard,Total levels,Common
178,Reach Base Level 60 ,Reach level 60 in every skill.,Hard,Total levels,Common
179,Reach Base Level 70 ,Reach level 70 in every skill.,Hard,Total levels,Common
180,Steal From a Gem Stall ,Steal from a Gem Stall. ,Hard,Skilling,Common
181,Check a grown Palm Tree ,Check the health of a Palm Tree you've grown. ,Hard,Skilling,Common
182,Dig Up Some Magic Roots ,Dig up some Magic Roots from a Magic Tree you've grown. ,Hard,Skilling,Common
183,Chop 75 Magic Logs ,Chop 75 Magic Logs from Magic Trees. ,Hard,Skilling,Common
184,Cook 100 Sharks ,Cook 100 Raw Sharks. ,Hard,Skilling,Common
185,Mine 50 Adamantite Ore ,Mine 50 Adamantite Ore. ,Hard,Skilling,Common
186,Fletch a Magic Shortbow ,Fletch a Magic Shortbow. ,Hard,Skilling,Common
187,Fletch a Rune Crossbow ,Fletch a Rune Crossbow. ,Hard,Skilling,Common
188,Defeat a Slayer Boss ,Defeat any Slayer Boss. ,Hard,Bossing,Common
189,Complete 50 Slayer Tasks ,Complete 50 Slayer Tasks.,Hard,Combat,Common
190,Complete 100 Slayer Tasks ,Complete 100 Slayer Tasks.,Hard,Combat,Common
191,Defeat 10 Superior Slayer Creatures ,Defeat 10 Superior Slayer Creatures. ,Hard,Combat,Common
192,Defeat 20 Superior Slayer Creatures ,Defeat 20 Superior Slayer Creatures. ,Hard,Combat,Common
193,Craft a Dragonstone Amulet ,Craft a dragonstone amulet. ,Hard,Skilling,Common
194,Craft 30 Blue Dragonhide Bodies ,Craft 30 Blue Dragonhide Bodies. ,Hard,Skilling,Common
195,Catch 100 Shark ,Catch 100 raw shark whilst fishing. ,Hard,Skilling,Common
196,Smelt a Runite Bar ,Use a Furnace to smelt a runite bar. ,Hard,Skilling,Common
197,Fill a Hard S.T.A.S.H. Unit ,Build a Hard S.T.A.S.H. unit and fill it with the relevant items. ,Hard,Clues,Common
198,Build an Achievement Gallery ,Build an Achievement Gallery in your Player Owned House. ,Hard,Skilling,Common
199,Craft 2500 Essence Into Runes ,Use Runecrafting Altars to craft 2500 essence into runes of any type.,Hard,Skilling,Common
200,Burn 100 Yew Logs ,Burn 100 Yew Logs. ,Hard,Skilling,Common
201,Burn Some Magic Logs ,Burn some Magic Logs. ,Hard,Skilling,Common
202,Catch a Dragon Impling ,Catch a Dragon Impling. ,Hard,Skilling,Common
203,Complete 250 Laps of a Rooftop Agility Course ,Complete 250 laps of any Rooftop Agility Course. ,Hard,Skilling,Common
204,Make a Saradomin Brew ,Make a Saradomin Brew. ,Hard,Skilling,Common
205,Clean 100 Grimy Dwarf Weed ,Clean 100 Grimy Dwarf Weed. ,Hard,Skilling,Common
206,Reach Combat Level 100 ,Reach Combat Level 100.,Hard,Combat,Common
207,Reach Combat Level 110 ,Reach Combat Level 110.,Hard,Combat,Common
208,Equip a Dragon Weapon ,Equip any Dragon weapon. ,Hard,Combat,Common
209,Equip a Full Black Dragonhide Set ,Equip a black d'hide body some black d'hide chaps and some black d'hide vambs. ,Hard,Combat,Common
210,Equip a Magic Shortbow ,Equip a Magic Shortbow. ,Hard,Combat,Common
211,Equip a Rune Crossbow ,Equip a Rune Crossbow. ,Hard,Combat,Common
212,Equip a Combination Battlestaff or Mystic Staff ,Equip either a combination battlestaff or a combination mystic staff. ,Hard,Combat,Common
213,Cast a Wave Spell ,Cast any wave spell. ,Hard,Combat,Common
214,Cast a Surge Spell ,Cast any surge spell. ,Hard,Combat,Common
215,Restore 75 Prayer Points at an Altar ,Restore 75 or more Prayer Points at any altar. ,Hard,Combat,Common
216,Reach a Prayer Bonus of 30 ,Equip enough item to reach a Prayer bonus of 30 or more.,Hard,Combat,Common
217,Complete an Elite Clue Scroll ,Complete an elite clue scroll by opening a Reward Casket.,Hard,Clues,Common
218,Complete a Master Clue Scroll ,Complete a master clue scroll by opening a Reward Casket.,Hard,Clues,Common
219,Gain a Unique Item From an Elite Clue ,Gain a unique item from an Elite Clue Scroll Reward Casket.,Hard,Clues,Common
220,Gain a Unique Item From a Master Clue ,Gain a unique item from a Master Clue Scroll Reward Casket.,Hard,Clues,Common
221,Gain 35 Unique Items From Beginner Clues ,Gain 35 unique items from Beginner Clue Scroll Reward Caskets.,Hard,Clues,Common
222,Gain 35 Unique Items From Easy Clues ,Gain 35 unique items from Easy Clue Scroll Reward Caskets.,Hard,Clues,Common
223,Gain 25 Unique Items From Medium Clues ,Gain 25 unique items from Medium Clue Scroll Reward Caskets.,Hard,Clues,Common
224,Gain 20 Unique Items From Hard Clues ,Gain 20 unique items from Hard Clue Scroll Reward Caskets.,Hard,Clues,Common
225,Gain 10 Unique Items From Elite Clues ,Gain 10 unique items from Elite Clue Scroll Reward Caskets.,Hard,Clues,Common
226,Gain 10 Unique Items From Master Clues ,Gain 10 unique items from Master Clue Scroll Reward Caskets.,Hard,Clues,Common
227,Fill 10 Beginner Clue Collection Log Slots ,Fill 10 slots in the Beginner Clue section of the Collection Log.,Hard,Clues,Common
228,Fill 20 Easy Clue Collection Log Slots ,Fill 20 slots in the Easy Clue section of the Collection Log.,Hard,Clues,Common
229,Fill 20 Medium Clue Collection Log Slots ,Fill 20 slots in the Medium Clue section of the Collection Log.,Hard,Clues,Common
230,Fill 15 Hard Clue Collection Log Slots ,Fill 15 slots in the Hard Clue section of the Collection Log.,Hard,Clues,Common
231,Fill 10 Elite Clue Collection Log Slots ,Fill 10 slots in the Elite Clue section of the Collection Log.,Hard,Clues,Common
232,Fill 5 Master Clue Collection Log Slots ,Fill 5 slots in the Master Clue section of the Collection Log.,Hard,Clues,Common
233,Equip a Full Gilded or Trimmed Wizard Set ,Equip either a full set of gilded Wizard robes or a full set of trimmed Wizard robes.,Hard,Clues,Common
234,Equip a Full Gilded Set ,Equip either a full set of gilded Rune armour or a full set of gilded Dragonhide armour.,Hard,Clues,Common
235,Equip a Full Vestment Set ,Equip a full set of Vestment robes with all pieces aligned to the same God.,Hard,Clues,Common
236,Equip a Full God Rune Set ,Equip a full set of God Rune armour with all pieces aligned to the same God.,Hard,Clues,Common
237,Equip a Full God Dragonhide Set ,Equip a full set of God Dragonhide armour with all pieces aligned to the same God.,Hard,Clues,Common
238,Equip an Ornament Kit Item ,Equip any item that has an Ornament Kit attached to it.,Hard,Clues,Common
239,Equip Some Ranger Boots ,Equip a pair of Ranger Boots.,Hard,Clues,Common
240,Complete the Hard Western Provinces Diary ,Complete all of the hard tasks in the Western Provinces Achievement Diary. ,Hard,Diaries,Common
241,Achieve Your First Level 90 ,Reach level 90 in any skill.,Elite,Total levels,Common
242,Achieve Your First Level 95 ,Reach level 95 in any skill.,Elite,Total levels,Common
243,Reach Total Level 2000 ,Reach a Total Level of 2000.,Elite,Total levels,Common
244,Reach Total Level 2100 ,Reach a Total Level of 2100.,Elite,Total levels,Common
245,Reach Total Level 2200 ,Reach a Total Level of 2200.,Elite,Total levels,Common
246,Reach Base Level 80 ,Reach level 80 in every skill.,Elite,Total levels,Common
247,Reach Base Level 90 ,Reach level 90 in every skill.,Elite,Total levels,Common
248,Reach Level 99 Attack ,Reach level 99 in your Attack skill. ,Elite,Combat,Common
249,Obtain 25 Million Attack XP ,Obtain 25 million experience in your Attack skill. ,Elite,Combat,Common
250,Reach Level 99 Strength ,Reach level 99 in your Strength skill. ,Elite,Combat,Common
251,Obtain 25 Million Strength XP ,Obtain 25 million experience in your Strength skill. ,Elite,Combat,Common
252,Reach Level 99 Defence ,Reach level 99 in your Defence skill. ,Elite,Combat,Common
253,Obtain 25 Million Defence XP ,Obtain 25 million experience in your Defence skill. ,Elite,Combat,Common
254,Reach Level 99 Ranged ,Reach level 99 in your Ranged skill. ,Elite,Combat,Common
255,Obtain 25 Million Ranged XP ,Obtain 25 million experience in your Ranged skill. ,Elite,Combat,Common
256,Reach Level 99 Prayer ,Reach level 99 in your Prayer skill. ,Elite,Combat,Common
257,Obtain 25 Million Prayer XP ,Obtain 25 million experience in your Prayer skill. ,Elite,Combat,Common
258,Reach Level 99 Magic ,Reach level 99 in your Magic skill. ,Elite,Combat,Common
259,Obtain 25 Million Magic XP ,Obtain 25 million experience in your Magic skill. ,Elite,Combat,Common
260,Reach Level 99 Runecraft ,Reach level 99 in your Runecraft skill. ,Elite,Skilling,Common
261,Obtain 25 Million Runecraft XP ,Obtain 25 million experience in your Runecraft skill. ,Elite,Skilling,Common
262,Reach Level 99 Construction ,Reach level 99 in your Construction skill. ,Elite,Skilling,Common
263,Obtain 25 Million Construction XP ,Obtain 25 million experience in your Construction skill. ,Elite,Skilling,Common
264,Reach Level 99 Hitpoints ,Reach level 99 in your Hitpoints skill. ,Elite,Combat,Common
265,Obtain 25 Million Hitpoints XP ,Obtain 25 million experience in your Hitpoints skill. ,Elite,Combat,Common
266,Reach Level 99 Agility ,Reach level 99 in your Agility skill. ,Elite,Skilling,Common
267,Obtain 25 Million Agility XP ,Obtain 25 million experience in your Agility skill. ,Elite,Skilling,Common
268,Reach Level 99 Herblore ,Reach level 99 in your Herblore skill. ,Elite,Skilling,Common
269,Obtain 25 Million Herblore XP ,Obtain 25 million experience in your Herblore skill. ,Elite,Skilling,Common
270,Reach Level 99 Thieving ,Reach level 99 in your Thieving skill. ,Elite,Skilling,Common
271,Obtain 25 Million Thieving XP ,Obtain 25 million experience in your Thieving skill. ,Elite,Skilling,Common
272,Reach Level 99 Crafting ,Reach level 99 in your Crafting skill. ,Elite,Skilling,Common
273,Obtain 25 Million Crafting XP ,Obtain 25 million experience in your Crafting skill. ,Elite,Skilling,Common
274,Reach Level 99 Fletching ,Reach level 99 in your Fletching skill. ,Elite,Skilling,Common
275,Obtain 25 Million Fletching XP ,Obtain 25 million experience in your Fletching skill. ,Elite,Skilling,Common
276,Reach Level 99 Slayer ,Reach level 99 in your Slayer skill. ,Elite,Combat,Common
277,Obtain 25 Million Slayer XP ,Obtain 25 million experience in your Slayer skill. ,Elite,Combat,Common
278,Reach Level 99 Hunter ,Reach level 99 in your Hunter skill. ,Elite,Skilling,Common
279,Obtain 25 Million Hunter XP ,Obtain 25 million experience in your Hunter skill. ,Elite,Skilling,Common
280,Reach Level 99 Mining ,Reach level 99 in your Mining skill. ,Elite,Skilling,Common
281,Obtain 25 Million Mining XP ,Obtain 25 million experience in your Mining skill. ,Elite,Skilling,Common
282,Reach Level 99 Smithing ,Reach level 99 in your Smithing skill. ,Elite,Skilling,Common
283,Obtain 25 Million Smithing XP ,Obtain 25 million experience in your Smithing skill. ,Elite,Skilling,Common
284,Reach Level 99 Fishing ,Reach level 99 in your Fishing skill. ,Elite,Skilling,Common
285,Obtain 25 Million Fishing XP ,Obtain 25 million experience in your Fishing skill. ,Elite,Skilling,Common
286,Reach Level 99 Cooking ,Reach level 99 in your Cooking skill. ,Elite,Skilling,Common
287,Obtain 25 Million Cooking XP ,Obtain 25 million experience in your Cooking skill. ,Elite,Skilling,Common
288,Reach Level 99 Firemaking ,Reach level 99 in your Firemaking skill. ,Elite,Skilling,Common
289,Obtain 25 Million Firemaking XP ,Obtain 25 million experience in your Firemaking skill. ,Elite,Skilling,Common
290,Reach Level 99 Woodcutting ,Reach level 99 in your Woodcutting skill. ,Elite,Skilling,Common
291,Obtain 25 Million Woodcutting XP ,Obtain 25 million experience in your Woodcutting skill. ,Elite,Skilling,Common
292,Reach Level 99 Farming ,Reach level 99 in your Farming skill. ,Elite,Skilling,Common
293,Obtain 25 Million Farming XP ,Obtain 25 million experience in your Farming skill. ,Elite,Skilling,Common
294,Obtain a Skilling Pet ,Obtain any skilling pet.,Elite,Skilling,Common
295,Travel Between Your Spirit Trees ,Travel between any two Spirit Trees that you've grown. ,Elite,Skilling,Common
296,Slay an Abyssal Demon ,Kill an Abyssal Demon whilst on an Abyssal Demon Slayer Task. ,Elite,Combat,Common
297,Complete 200 Slayer Tasks ,Complete 200 Slayer Tasks.,Elite,Combat,Common
298,Defeat 50 Superior Slayer Creatures ,Defeat 50 Superior Slayer Creatures. ,Elite,Combat,Common
299,Craft an Onyx Amulet ,Craft an Onyx Amulet. ,Elite,Skilling,Common
300,Smith a Dragonfire Shield ,Use an Anvil to smith a Dragonfire Shield. ,Elite,Skilling,Common
301,Catch a Lucky Impling Bare-Handed ,Catch a Lucky Impling bare-handed. ,Elite,Skilling,Common
302,Make a Super Combat Potion ,Make a Super Combat Potion. ,Elite,Skilling,Common
303,Obtain a Boss Pet ,Obtain any Boss Pet.,Elite,Bossing,Common
304,Equip a Full Dragon Set ,Equip a Dragon platebody a Dragon full helm and either some Dragon platelegs or a Dragon plateskirt. ,Elite,Combat,Common
305,Reach Combat Level 120 ,Reach Combat Level 120.,Elite,Combat,Common
306,Reach Combat Level 126 ,Reach Combat Level 126.,Elite,Combat,Common
307,Add a Jar to a Display Case ,Add a Jar to a Display Case in your Player Owned House Achievement Gallery.,Elite,Bossing,Common
308,Equip an Abyssal Whip ,Equip an Abyssal Whip. ,Elite,Bossing,Common
309,Gain 50 Unique Items From Hard Clues ,Gain 50 unique items from Hard Clue Scroll Reward Caskets.,Elite,Clues,Common
310,Gain 25 Unique Items From Elite Clues ,Gain 25 unique items from Elite Clue Scroll Reward Caskets.,Elite,Clues,Common
311,Gain 25 Unique Items From Master Clues ,Gain 25 unique items from Master Clue Scroll Reward Caskets.,Elite,Clues,Common
312,Fill Every Beginner Clue Collection Log Slot ,Fill every slot in the Beginner Clue section of the Collection Log.,Elite,Clues,Common
313,Fill 50 Easy Clue Collection Log Slots ,Fill 50 slots in the Easy Clue section of the Collection Log.,Elite,Clues,Common
314,Fill 40 Medium Clue Collection Log Slots ,Fill 40 slots in the Medium Clue section of the Collection Log.,Elite,Clues,Common
315,Fill 30 Hard Clue Collection Log Slots ,Fill 30 slots in the Hard Clue section of the Collection Log.,Elite,Clues,Common
316,Fill 25 Elite Clue Collection Log Slots ,Fill 25 slots in the Elite Clue section of the Collection Log.,Elite,Clues,Common
317,Fill 25 Master Clue Collection Log Slots ,Fill 25 slots in the Master Clue section of the Collection Log.,Elite,Clues,Common
318,Use the Explore Emote ,Use the Explore emote.,Elite,Clues,Common
319,Read a Clueless Scroll ,Read a Clueless scroll.,Elite,Clues,Common
320,Equip a Heavy Casket ,Equip a Heavy casket.,Elite,Clues,Common
321,Equip a Scroll Sack ,Equip a Scroll sack.,Elite,Clues,Common
322,Transform into Uri ,Use the Uri Transform emote.,Elite,Clues,Common
323,Reach Total Level 2277 ,Reach the highest possible Total Level of 2277.,Master,Total levels,Common
324,Reach Base Level 95 ,Reach level 95 in every skill.,Master,Total levels,Common
325,Use the Range in Lumbridge Castle ,Use the Range in Lumbridge Castle to cook some food.,Easy,Quests,Misthalin
326,Pickpocket a H.A.M. Member ,Pickpocket any H.A.M. member at their hideout. ,Easy,Skilling,Misthalin
327,Steal From the Varrock Tea Stall ,Steal from the Tea Stall in Varrock. ,Easy,Skilling,Misthalin
328,Complete the Draynor Agility Course ,Complete a lap of the Draynor Rooftop Agility Course. ,Easy,Skilling,Misthalin
329,Craft 50 Water Runes ,Craft 50 Water Runes. ,Easy,Skilling,Misthalin
330,Complete the Easy Varrock Diary ,Complete all of the easy tasks in the Varrock Achievement Diary. ,Easy,Diaries,Misthalin
331,Defeat the Lesser Demon in the Wizards' Tower ,Defeat the Lesser Demon at the top of the Wizards' Tower.,Easy,Combat,Misthalin
332,Receive a Slayer Task From Vannaka ,Receive a Slayer task from Vannaka in Edgeville Dungeon. ,Easy,Combat,Misthalin
333,Complete the Easy Lumbridge & Draynor Diary ,Complete all of the easy tasks in the Lumbridge & Draynor Achievement Diary. ,Easy,Diaries,Misthalin
334,Complete Rune Mysteries ,Complete the Rune Mysteries quest.,Easy,Quests,Misthalin
335,Enter Zanaris ,Enter the lost city of Zanaris.,Easy,Other,Misthalin
336,Travel to Fossil Island ,Take the Museum Barge to Fossil Island.,Easy,Other,Misthalin
337,Pet a Stray Dog in Varrock ,Pet a Stray Dog in Varrock.,Easy,Other,Misthalin
338,Complete Sheep Shearer ,Complete the Sheep Shearer quest.,Easy,Quests,Misthalin
339,Complete Gertrude's Cat ,Complete the Gertrude's Cat quest.,Easy,Quests,Misthalin
340,Complete Romeo & Juliet ,Complete the Romeo & Juliet quest,Easy,Quests,Misthalin
341,Drink From the Tears of Guthix ,Drink from the Tears of Guthix in the Lumbridge Swamp Caves.,Easy,Quests,Misthalin
342,Complete Vampyre Slayer ,Complete the Vampyre Slayer quest.,Easy,Quests,Misthalin
343,Fully Unlock the Mycelium Transportation System ,Unlock every destination of the Mycelium Transportation System on Fossil Island.,Easy,Other,Misthalin
344,Build a Bank on Fossil Island ,Build a Bank at the Museum Camp on Fossil Island. ,Easy,Other,Misthalin
345,Use a Fairy Ring ,Use any Fairy Ring.,Easy,Other,Misthalin
346,Complete the Natural History Quiz ,Complete the Natural History Quiz in the Varrock Museum.,Easy,Other,Misthalin
347,Enter Draynor Manor ,Enter Draynor Manor.,Easy,Other,Misthalin
348,Equip Some Fancy Boots or Fighting Boots ,Equip either a pair of Fancy Boots or a pair of Fighting Boots. ,Easy,Other,Misthalin
349,Dismantle 20 Filled Bird Houses ,Dismantle 20 filled bird houses on Fossil Island. ,Medium,Skilling,Misthalin
350,Build a Yew Bird House ,Build a yew bird house on Fossil Island. ,Medium,Skilling,Misthalin
351,Catch 50 Implings in Puro-Puro ,Catch 50 Implings in Puro-Puro. ,Medium,Skilling,Misthalin
352,Complete a Volcanic Mine Game ,Complete a Volcanic Mine game on Fossil Island. ,Medium,Skilling,Misthalin
353,Enter the Cooks' Guild ,Enter the Cooks' Guild west of Varrock. ,Medium,Skilling,Misthalin
354,Pickpocket a Varrock Guard ,Pickpocket any Varrock Guard. ,Medium,Skilling,Misthalin
355,Pickpocket a Bullseye Lantern From a Cave Goblin ,Pickpocket a Bullseye Lantern from a Cave Goblin. ,Medium,Skilling,Misthalin
356,Complete 30 Laps of the Draynor Agility Course ,Complete 30 laps of the Draynor Rooftop Agility Course. ,Medium,Skilling,Misthalin
357,Craft 50 Cosmic Runes ,Craft 50 Cosmic Runes. ,Medium,Skilling,Misthalin
358,Use Enriched Bones on the Strange Machine ,Use Enriched bones on the Strange Machine on Fossil Island.,Medium,Skilling,Misthalin
359,Chop a Sulliuscep Cap ,Chop a Sulliuscep Cap on Fossil Island. ,Medium,Skilling,Misthalin
360,Complete the Medium Varrock Diary ,Complete all of the medium tasks in the Varrock Achievement Diary. ,Medium,Diaries,Misthalin
361,Defeat a Fossil Island Wyvern ,Defeat any type of Wyvern on Fossil Island. ,Medium,Combat,Misthalin
362,Defeat Obor ,Defeat Obor in Edgeville Dungeon.,Medium,Bossing,Misthalin
363,Defeat a Wall Beast ,Defeat a Wall Beast in the Lumbridge Swamp Caves. ,Medium,Combat,Misthalin
364,Defeat Bryophyta ,Defeat Bryophyta in Edgeville Dungeon.,Medium,Bossing,Misthalin
365,Equip a Dorgeshuun Crossbow ,Equip a Dorgeshuun Crossbow. ,Medium,Combat,Misthalin
366,Complete the Medium Lumbridge & Draynor Diary ,Complete all of the medium tasks in the Lumbridge & Draynor Achievement Diary. ,Medium,Diaries,Misthalin
367,Equip Some Mithril Gloves ,Equip a pair of Mithril Gloves.,Medium,Quests,Misthalin
368,Complete The Lost Tribe ,Complete The Lost Tribe quest.,Medium,Quests,Misthalin
369,Complete Death to the Dorgeshuun ,Complete the Death to the Dorgeshuun quest.,Medium,Quests,Misthalin
370,Complete Demon Slayer ,Complete the Demon Slayer quest.,Medium,Quests,Misthalin
371,Use a Digsite Pendant to Teleport to Fossil Island ,Use a Digsite Pendant to teleport to Fossil Island. ,Medium,Other,Misthalin
372,Complete a Soul's Bane ,Complete the A Soul's Bane quest.,Medium,Quests,Misthalin
373,Build a Magic Bird House ,Build a Magic Bird House on Fossil Island. ,Hard,Skilling,Misthalin
374,Complete the Hard Varrock Diary ,Complete all of the hard tasks in the Varrock Achievement Diary. ,Hard,Diaries,Misthalin
375,Catch 200 Implings in Puro-Puro ,Catch 200 Implings in Puro-Puro. ,Hard,Skilling,Misthalin
376,Buy an Ash Covered Tome ,Buy an ash covered tome from Petrified Pete's Ore Shop on Fossil Island. ,Hard,Skilling,Misthalin
377,Check a grown Magic Tree in Lumbridge ,Check the health of a Magic Tree you've grown in Lumbridge. ,Hard,Skilling,Misthalin
378,Check a grown Mahogany Tree ,Check the health of a Mahogany Tree you've grown on Fossil Island. ,Hard,Skilling,Misthalin
379,Steal a Diamond in Dorgesh-Kaan ,Steal a Diamond from a chest in Dorgesh-Kaan. ,Hard,Skilling,Misthalin
380,Take the Advanced Shortcut to the Cosmic Altar ,Use the Advanced Narrow Walkway Agility Shortcut near the Cosmic Altar. ,Hard,Skilling,Misthalin
381,Defeat a Rune Dragon ,Defeat a Rune Dragon in the Lithkren Vault.,Hard,Combat,Misthalin
382,Equip a Hill Giant Club ,Equip a Hill Giant Club. ,Hard,Drops,Misthalin
383,Equip Bryophyta's Staff ,Equip Bryophyta's staff. ,Hard,Drops,Misthalin
384,Defeat the Abyssal Sire ,Defeat the Abyssal Sire in the Abyssal Nexus. ,Hard,Bossing,Misthalin
385,Defeat an Ancient Wyvern ,Defeat an Ancient Wyvern on Fossil Island. ,Hard,Combat,Misthalin
386,Complete the Hard Lumbridge & Draynor Diary ,Complete all of the hard tasks in the Lumbridge & Draynor Achievement Diary. ,Hard,Diaries,Misthalin
387,Catch a Herbiboar 100 Times ,Catch a Herbiboar on Fossil Island 100 times. ,Elite,Skilling,Misthalin
388,Catch a Herbiboar 250 Times ,Catch a Herbiboar on Fossil Island 250 times. ,Elite,Skilling,Misthalin
389,Catch a Herbiboar 500 Times ,Catch a Herbiboar on Fossil Island 500 times. ,Elite,Skilling,Misthalin
390,Receive a Torstol From a Herbiboar ,Receive a Torstol From a Herbiboar on Fossil Island. ,Elite,Skilling,Misthalin
391,Complete the Elite Varrock Diary ,Complete all of the elite tasks in the Varrock Achievement Diary. ,Elite,Diaries,Misthalin
392,Mine a Runite Ore Fragment ,Mine a runite ore fragment in the Volcanic Mine on Fossil Island. ,Elite,Skilling,Misthalin
393,Equip a Dragon Crossbow ,Equip a Dragon Crossbow. ,Elite,Drops,Misthalin
394,Equip a Dragonfire Shield ,Equip a Dragonfire Shield. ,Elite,Drops,Misthalin
395,Equip an Ancient Wyvern Shield ,Equip an Ancient Wyvern Shield. ,Elite,Drops,Misthalin
396,Equip an Abyssal Bludgeon ,Equip an Abyssal Bludgeon. ,Elite,Drops,Misthalin
397,Equip an Abyssal Dagger ,Equip an Abyssal Dagger. ,Elite,Drops,Misthalin
398,Offer an Unsired to the Font of Consumption ,Offer an Unsired to the Font of Consumption in the Abyssal Nexus. ,Elite,Drops,Misthalin
399,Defeat the Abyssal Sire 100 Times ,Defeat the Abyssal Sire in the Abyssal Nexus 100 times. ,Elite,Bossing,Misthalin
400,Defeat the Abyssal Sire 250 Times ,Defeat the Abyssal Sire in the Abyssal Nexus 250 times. ,Elite,Bossing,Misthalin
401,Defeat the Abyssal Sire 500 Times ,Defeat the Abyssal Sire in the Abyssal Nexus 500 times. ,Elite,Bossing,Misthalin
402,Complete the Elite Lumbridge & Draynor Diary ,Complete all of the elite tasks in the Lumbridge & Draynor Achievement Diary. ,Elite,Diaries,Misthalin
403,Equip a Dragon Platebody or Dragon Kiteshield ,Equip either a Dragon platebody or a Dragon kiteshield. ,Master,Drops,Misthalin
404,Receive an Agility Arena Ticket ,Receive an Agility Arena Ticket from the Brimhaven Agility Arena.,Easy,Skilling,Karamja
405,Catch a Karambwanji ,Catch a Karambwanji on Karamja. ,Easy,Skilling,Karamja
406,Defeat a TzHaar ,Defeat any TzHaar in Mor Ul Rek.,Easy,Combat,Karamja
407,Receive a Slayer Task From Duradel ,Receive a Slayer Task From Duradel in Shilo Village. ,Easy,Combat,Karamja
408,Defeat a Greater Demon on Karamja ,Defeat a Greater Demon on Karamja.,Easy,Combat,Karamja
409,Complete the Easy Karamja Diary ,Complete all of the easy tasks in the Karamja Achievement Diary. ,Easy,Diaries,Karamja
410,Fill a Crate With Bananas ,Fill a crate with Bananas for Luthas at Musa Point.,Easy,Other,Karamja
411,Pick a Pineapple on Karamja ,Pick a Pineapple on Karamja.,Easy,Other,Karamja
412,Enter the Brimhaven Dungeon ,Enter the Brimhaven Dungeon. ,Easy,Other,Karamja
413,Buy a Snapdragon From Pirate Jackie the Fruit ,Buy a Snapdragon From Pirate Jackie the Fruit in Brimhaven.,Medium,Skilling,Karamja
414,Catch a Salmon on Karamja ,Catch a Salmon on Karamja. ,Medium,Skilling,Karamja
415,Craft 50 Nature Runes ,Craft 50 Nature Runes. ,Medium,Skilling,Karamja
416,Defeat a Steel Dragon on Karamja ,Defeat a Steel Dragon on Karamja.,Medium,Combat,Karamja
417,Complete the Medium Karamja Diary ,Complete all of the medium tasks in the Karamja Achievement Diary. ,Medium,Diaries,Karamja
418,Enter the Tai Bwo Wannai Hardwood Grove ,Enter the Hardwood Grove in Tai Bwo Wannai.,Medium,Quests,Karamja
419,Equip a Matching Tribal Mask and Broodoo Shield ,Equip a matching Tribal Mask and Broodoo Shield.,Medium,Drops,Karamja
420,Equip a Full Tai Bwo Wannai Villager Set ,Equip a full set of Tai Bwo Wannai villager clothing.,Medium,Other,Karamja
421,Cook 100 Karambwans ,Cook 100 Karambwans. ,Hard,Skilling,Karamja
422,Take a Shortcut Across the Shilo Village River ,Use the Stepping Stones Agility Shortcut in Shilo Village. ,Medium,Skilling,Karamja
423,Catch 100 Karambwans ,Catch 100 Karambwans on Karamja. ,Hard,Skilling,Karamja
424,Check a grown Calquat Tree ,Check the health of a Calquat Tree you've grown on Karamja. ,Hard,Skilling,Karamja
425,Equip a Full Obsidian Armour Set ,Equip a full set of Obsidian armour. ,Hard,Drops,Karamja
426,Survive a Hit From TzTok-Jad Without Prayer ,Survive a Magic or Ranged hit from TzTok-Jad in the Tzhaar Fight Caves without using a protection prayer.,Hard,Combat,Karamja
427,Equip Some Dragon Platelegs or a Dragon Plateskirt ,Equip either some Dragon Platelegs or a Dragon Plateskirt. ,Hard,Drops,Karamja
428,Equip an Obsidian Cape ,Equip an Obsidian Cape.,Hard,Drops,Karamja
429,Equip a Toktz-Ket-Xil ,Equip a Toktz-Ket-Xil. ,Hard,Drops,Karamja
430,Equip a Tzhaar-Ket-Om ,Equip a Tzhaar-Ket-Om. ,Hard,Drops,Karamja
431,Equip a Toktz-Xil-Ak ,Equip a Toktz-Xil-Ak. ,Hard,Drops,Karamja
432,Equip a Toktz-Xil-Ek ,Equip a Toktz-Xil-Ek. ,Hard,Drops,Karamja
433,Complete the Hard Karamja Diary ,Complete all of the hard tasks in the Karamja Achievement Diary. ,Hard,Diaries,Karamja
434,Equip a Red Topaz Machete ,Equip a Red Topaz Machete.,Hard,Other,Karamja
435,Find a Gout Tubor ,Find a Gout Tuber in Tai Bwo Wannai. ,Hard,Skilling,Karamja
436,Receive 60 Agility Arena Tickets With No Mistakes ,Receive 60 Agility Arena Tickets without missing any pillars. ,Elite,Skilling,Karamja
437,Pickpocket a Diamond From a TzHaar ,Pickpocket a Diamond from a TzHaar. ,Elite,Skilling,Karamja
438,Equip a Fire Cape ,Equip a Fire Cape.,Elite,Bossing,Karamja
439,Complete the Fight Caves in 35:00 ,Complete the Tzhaar Fight Caves in Mor Ul Rek in 35:00 or less.,Elite,Bossing,Karamja
440,Sacrifice a Fire Cape to Access the Inferno ,Sacrifice a Fire Cape to access the Inferno in Mor Ul Rek.,Elite,Bossing,Karamja
441,Complete the Fight Caves 5 Times ,Complete the Tzhaar Fight Cave in Mor Ul Rek 5 times.,Elite,Bossing,Karamja
442,Complete the Fight Caves 15 Times ,Complete the Tzhaar Fight Cave in Mor Ul Rek 15 times.,Elite,Bossing,Karamja
443,Complete the Fight Caves 30 Times ,Complete the Tzhaar Fight Cave in Mor Ul Rek 30 times.,Elite,Bossing,Karamja
444,Complete the Inferno 5 Times ,Complete the Inferno in Mor Ul Rek 5 times.,Elite,Bossing,Karamja
445,Complete the Inferno 10 Times ,Complete the Inferno in Mor Ul Rek 10 times.,Elite,Bossing,Karamja
446,Complete the Inferno 20 Times ,Complete the Inferno in Mor Ul Rek 20 times.,Elite,Bossing,Karamja
447,Complete the Elite Karamja Diary ,Complete all of the elite tasks in the Karamja Achievement Diary. ,Elite,Diaries,Karamja
448,Purchase an Onyx in Mor Ul Rek ,Purchase an Onyx from an Ore and Gem Store in Mor Ul Rek. ,Elite,Other,Karamja
449,Trade 1000 Agility Arena Tickets for XP ,Trade in 1000 or more Agility Arena Tickets for XP in one go.,Master,Skilling,Karamja
450,Equip an Infernal Cape ,Equip an Infernal Cape.,Master,Bossing,Karamja
451,Complete the Fight Caves in 25:00 ,Complete the Tzhaar Fight Cave in Mor Ul Rek in 25:00 or less.,Master,Bossing,Karamja
452,Complete the Inferno in 75:00 ,Complete the Inferno in Mor Ul Rek in 75:00 or less.,Master,Bossing,Karamja
453,Craft an Air Rune ,Craft an air rune. ,Easy,Skilling,Asgarnia
454,Move Your House to Taverley ,Move your player-owned house to Taverley. ,Easy,Skilling,Asgarnia
455,Receive a Slayer Task From Turael or Spria ,Receive a Slayer task From Turael in Burthorpe or Spria in Draynor Village. ,Easy,Combat,Asgarnia
456,Defeat a Troll in Asgarnia ,Defeat a Troll in Asgarnia.,Easy,Combat,Asgarnia
457,Defeat a Blue Dragon in Asgarnia ,Defeat a blue dragon in Asgarnia.,Easy,Combat,Asgarnia
458,Defeat a Black Demon in Asgarnia ,Defeat a black demon in Asgarnia.,Easy,Combat,Asgarnia
459,Complete the Easy Falador Diary ,Complete all of the easy tasks in the Falador Achievement Diary. ,Easy,Diaries,Asgarnia
460,Unlock a Gate in Taverley Dungeon ,Unlock a gate in Taverley Dungeon using the dusty key.,Easy,Other,Asgarnia
461,Enter the Taverly Dungeon ,Enter the Taverly Dungeon.,Easy,Other,Asgarnia
462,Complete a Game of Novice Pest Control ,Complete a game of novice Pest Control. ,Easy,Minigames,Asgarnia
463,Complete the Falador Agility Course ,Complete a lap of the Falador Rooftop Course. ,Medium,Skilling,Asgarnia
464,Obtain 20 Golden Nuggets ,Obtain 20 golden nuggets from the Motherlode Mine beneath Falador. ,Medium,Skilling,Asgarnia
465,Enter the Crafting Guild ,Enter the Crafting Guild. ,Medium,Skilling,Asgarnia
466,Craft a Body Rune ,Craft a body rune. ,Medium,Skilling,Asgarnia
467,Harvest Any Herb at the Troll Stronghold ,Harvest any herb you've grown at the Troll Stronghold. ,Medium,Skilling,Asgarnia
468,Defeat the Giant Mole ,Defeat the Giant Mole beneath Falador.,Medium,Bossing,Asgarnia
469,Defeat a Skeletal Wyvern ,Defeat a Skeletal Wyvern in the Asgarnian Ice Dungeon. ,Medium,Combat,Asgarnia
470,Equip Some Granite Legs ,Equip some granite legs. ,Medium,Drops,Asgarnia
471,Charge an Amulet of Glory in the Heroes' Guild ,Charge an amulet of glory at the Fountain of Heroes in the Heroes' Guild. ,Medium,Quests,Asgarnia
472,Defeat 30 Black Dragons in Asgarnia ,Defeat 30 black dragons in Asgarnia.,Medium,Combat,Asgarnia
473,Complete the Medium Falador Diary ,Complete all of the medium tasks in the Falador Achievement Diary. ,Medium,Diaries,Asgarnia
474,Enter the Warriors' Guild ,Enter the Warriors' Guild. ,Medium,Combat,Asgarnia
475,Complete A Porcine of Interest ,Complete the A Porcine of Interest quest. ,Medium,Quests,Asgarnia
476,Defeat Some Animated Rune Armour ,Defeat some Animated Rune Armour in the Warriors' Guild.,Medium,Combat,Asgarnia
477,Open the Crystal Chest ,Open the crystal chest in Taverley.,Medium,Other,Asgarnia
478,Complete a Game of Intermediate Pest Control ,Complete a game of intermediate Pest Control. ,Medium,Minigames,Asgarnia
479,Equip a Full Graceful Outfit ,Equip a full set of graceful outfit.,Hard,Skilling,Asgarnia
480,Equip a Full Rogue Outfit ,Equip a full set of rogue gear. ,Hard,Skilling,Asgarnia
481,Equip a Full Prospector Outfit ,Equip a full set of prospector gear. ,Hard,Skilling,Asgarnia
482,Craft 50 Law Runes ,Craft 50 law runes. ,Hard,Skilling,Asgarnia
483,Make 20 Ranging Potions ,Make 20 ranging potions. ,Hard,Skilling,Asgarnia
484,Make 20 Stamina Potions ,Make 20 stamina potions. ,Hard,Skilling,Asgarnia
485,Equip a Dragon Defender ,Equip a dragon defender.,Hard,Drops,Asgarnia
486,Defeat K'ril Tsutsaroth ,Defeat K'ril Tsutsaroth in the God Wars Dungeon. ,Hard,Bossing,Asgarnia
487,Defeat General Graardor ,Defeat General Graardor in the God Wars Dungeon. ,Hard,Bossing,Asgarnia
488,Defeat Kree'arra ,Defeat Kree'arra in the God Wars Dungeon. ,Hard,Bossing,Asgarnia
489,Defeat Commander Zilyana ,Defeat Commander Zilyana in the God Wars Dungeon. ,Hard,Bossing,Asgarnia
490,Equip a Pair of Dragon Boots ,Equip a pair of dragon boots. ,Hard,Drops,Asgarnia
491,Complete the Hard Falador Diary ,Complete all of the hard tasks in the Falador Achievement Diary. ,Hard,Diaries,Asgarnia
492,Equip a Full Void Knight Set ,Equip a full set of Void Knight equipment.,Hard,Minigames,Asgarnia
493,Turn in 100 Mole Claws to Wyson the Gardener ,Turn in 100 mole claws to Wyson the Gardener in Falador.,Hard,Bossing,Asgarnia
494,Keep the Veteran Void Knight Above 150 Hitpoints ,Complete a game of veteran Pest Control without letting the Void Knight fall below 150 Hitpoints. ,Hard,Minigames,Asgarnia
495,Complete a Game of Veteran Pest Control ,Complete a game of veteran Pest Control. ,Hard,Minigames,Asgarnia
496,Equip an Infernal Tool ,Equip either an infernal axe an infernal pickaxe or an infernal harpoon.,Elite,Drops,Asgarnia
497,Equip a Staff of the Dead ,Equip a staff of the dead. ,Elite,Drops,Asgarnia
498,Equip a Zamorakian Spear ,Equip a zamorakian spear. ,Elite,Drops,Asgarnia
499,Equip a Piece of the Armadyl Armour Set ,Equip any piece of the Armadyl armour set. ,Elite,Drops,Asgarnia
500,Equip a Saradomin Sword ,Equip a saradomin sword. ,Elite,Drops,Asgarnia
501,Equip a Piece of the Bandos Armour Set ,Equip any piece of the Bandos armour set. ,Elite,Drops,Asgarnia
502,Equip an Armadyl Crossbow ,Equip an armadyl crossbow. ,Elite,Drops,Asgarnia
503,Equip Some Primordial Pegasian or Eternal Boots ,Equip either some primordial boots some pegasian boots or some eternal boots. ,Elite,Drops,Asgarnia
504,Equip a Godsword ,Equip any godsword. ,Elite,Drops,Asgarnia
505,Defeat Cerberus ,Defeat Cerberus in the Taverley Dungeon. ,Elite,Bossing,Asgarnia
506,Defeat Any God Wars Dungeon Boss 100 Times ,Defeat any God Wars Dungeon boss 100 times.,Elite,Bossing,Asgarnia
507,Defeat Any God Wars Dungeon Boss 250 Times ,Defeat any God Wars Dungeon boss 250 times.,Elite,Bossing,Asgarnia
508,Defeat Any God Wars Dungeon Boss 500 Times ,Defeat any God Wars Dungeon boss 500 times.,Elite,Bossing,Asgarnia
509,Defeat the Giant Mole 250 Times ,Defeat the Giant Mole beneath Falador 250 times.,Elite,Bossing,Asgarnia
510,Defeat the Giant Mole 500 Times ,Defeat the Giant Mole beneath Falador 500 times.,Elite,Bossing,Asgarnia
511,Defeat the Giant Mole 750 Times ,Defeat the Giant Mole beneath Falador 750 times.,Elite,Bossing,Asgarnia
512,Complete the Elite Falador Diary ,Complete all of the elite tasks in the Falador Achievement Diary. ,Elite,Diaries,Asgarnia
513,Defeat Cerberus Before She Summons Souls ,Defeat Cerberus before she summons souls. ,Elite,Bossing,Asgarnia
514,Equip Every Godsword ,Equip all four godswords. ,Master,Drops,Asgarnia
515,Equip a Full Armadyl Armour Set ,Equip a full set of Armadyl armour. ,Master,Drops,Asgarnia
516,Equip a Full Bandos Armour Set ,Equip a full set of Bandos armour. ,Master,Drops,Asgarnia
517,Equip Some Primordial Pegasian and Eternal Boots ,Equip some primordial boots some pegasian boots and some eternal boots. ,Master,Drops,Asgarnia
518,Switch to the Lunar Spellbook ,Switch to the Lunar Spellbook.,Easy,Other,Fremennik
519,Defeat a Rock Crab in the Fremennik Province ,Defeat a rock crab in the Fremennik Province.,Easy,Combat,Fremennik
520,Defeat a Cockatrice in the Fremennik Province ,Defeat a cockatrice in the Fremennik Province. ,Easy,Combat,Fremennik
521,Defeat a Pyrefiend in the Fremennik Province ,Defeat a pyrefiend in the Fremennik Province. ,Easy,Combat,Fremennik
522,Defeat a Troll in the Fremennik Province ,Defeat a troll in the Fremennik Province.,Easy,Combat,Fremennik
523,Complete the Easy Fremennik Diary ,Complete all of the easy tasks in the Fremennik Achievement Diary. ,Easy,Diaries,Fremennik
524,Deposit an Item Using Peer the Seer ,Deposit an item into your bank using Peer the Seer.,Easy,Other,Fremennik
525,Use the Bank on Jatizso ,Use the bank on Jatizso.,Easy,Other,Fremennik
526,Use the Bank on Neitiznot ,Use the bank on Neitiznot.,Easy,Other,Fremennik
527,Use the Bank on Lunar Isle ,Use the bank on Lunar Isle. ,Easy,Other,Fremennik
528,Cast Moonclan Teleport ,Cast the Moonclan Teleport spell. ,Medium,Skilling,Fremennik
529,Move Your House to Rellekka ,Move your Player Owned House to Rellekka. ,Medium,Skilling,Fremennik
530,Craft 50 Astral Runes ,Craft 50 astral runes. ,Medium,Skilling,Fremennik
531,Complete the Penguin Agility Course ,Complete a lap of the Penguin Agility Course. ,Medium,Skilling,Fremennik
532,Catch a Snowy Knight ,Catch a snowy knight. ,Medium,Skilling,Fremennik
533,Unlock Free Use of the Blast Furnace ,Unlock free use of the Keldagrim Blast Furnace by speaking with the Foreman. ,Medium,Skilling,Fremennik
534,Use Some Icy Basalt to Teleport to Weiss ,Use some icy basalt to teleport to Weiss.,Medium,Skilling,Fremennik
535,Defeat a Basilisk Knight ,Defeat a basilisk knight in the Jormungand's Prison. ,Medium,Combat,Fremennik
536,Defeat a Kurask in the Fremennik Province ,Defeat a kurask in the Fremennik Province. ,Medium,Combat,Fremennik
537,Equip a Granite Shield ,Equip a granite shield. ,Medium,Drops,Fremennik
538,Equip a Brine Sabre ,Equip a brine sabre. ,Medium,Drops,Fremennik
539,Defeat a Dagannoth in the Fremennik Province ,Defeat a Dagannoth in the Fremennik Province.,Medium,Combat,Fremennik
540,Equip a Helm of Neitiznot ,Equip a helm of neitiznot.,Medium,Quests,Fremennik
541,Defeat a Turoth in the Fremennik Province ,Defeat a turoth in the Fremennik Province. ,Medium,Combat,Fremennik
542,Defeat a Jelly in the Fremennik Province ,Defeat a jelly in the Fremennik Province. ,Medium,Combat,Fremennik
543,Equip a Leaf-Bladed Sword ,Equip a leaf-bladed sword. ,Medium,Drops,Fremennik
544,Complete the Medium Fremennik Diary ,Complete all of the medium tasks in the Fremennik Achievement Diary. ,Medium,Diaries,Fremennik
545,Complete Throne of Miscellania ,Complete the Throne of Miscellania quest. ,Medium,Quests,Fremennik
546,Complete Royal Trouble ,Complete the Royal Trouble quest. ,Medium,Quests,Fremennik
547,Complete Olaf's Quest ,Complete Olaf's Quest. ,Medium,Quests,Fremennik
548,Cast Fertile Soil ,Cast the Fertile Soil spell. ,Hard,Skilling,Fremennik
549,Build a Gilded Altar ,Build a gilded altar in a Chapel in your player-owned house. ,Hard,Skilling,Fremennik
550,Complete the Rellekka Agility Course ,Complete a lap of the Rellekka Rooftop Course. ,Hard,Skilling,Fremennik
551,Harvest a Snapdragon in Weiss ,Harvest a snapdragon you've grown in Weiss. ,Hard,Skilling,Fremennik
552,Trap a Sabre-Toothed Kyatt ,Trap a sabre-toothed kyatt. ,Hard,Skilling,Fremennik
553,Use Your Portal Nexus to Teleport to Weiss ,Use a portal nexus in your player-owned house to teleport to Weiss. ,Hard,Skilling,Fremennik
554,Defeat Vorkath ,Defeat Vorkath on Ungael.,Hard,Bossing,Fremennik
555,Equip an Ava's Assembler ,Equip an ava's assembler.,Hard,Drops,Fremennik
556,Defeat Vorkath in 1:45 ,Defeat Vorkath on Ungael in 2:00 or less.,Hard,Bossing,Fremennik
557,Defeat the Dagannoth Kings Without Leaving ,Defeat all three of the Dagannoth Kings in the Waterbirth Island Dungeon without leaving their area.,Hard,Bossing,Fremennik
558,Equip a Berserker Ring ,Equip a berserker ring.,Hard,Drops,Fremennik
559,Equip a Warrior Ring ,Equip a warrior ring.,Hard,Drops,Fremennik
560,Equip a Seers Ring ,Equip a seers ring.,Hard,Drops,Fremennik
561,Equip an Archers Ring ,Equip an archers ring.,Hard,Drops,Fremennik
562,Use the Special Attack of a Dragon Axe ,Use the special attack of a dragon axe. ,Hard,Drops,Fremennik
563,Equip a Mud Battlestaff ,Equip a mud battlestaff. ,Hard,Drops,Fremennik
564,Equip a Seercull ,Equip a seercull. ,Hard,Drops,Fremennik
565,Equip a Leaf-Bladed Battleaxe ,Equip a leaf-bladed battleaxe in The Fremennik Provinces. ,Hard,Drops,Fremennik
566,Equip a Full Skeletal Armour Set ,Equip a full set of skeletal armour. ,Hard,Drops,Fremennik
567,Equip a Full Spined Armour Set ,Equip a full set of spined armour. ,Hard,Drops,Fremennik
568,Equip a Full Rockshell Armour Set ,Equip a full set of rock-shell armour. ,Hard,Drops,Fremennik
569,Complete the Hard Fremennik Diary ,Complete all of the hard tasks in the Fremennik Achievement Diary. ,Hard,Diaries,Fremennik
570,Collect Miscellania Resources at Full Approval ,Collect some resources on Miscellania with an approval rating of 100%.,Hard,Quests,Fremennik
571,Cast Spellbook Swap ,Cast the Spellbook Swap spell. ,Elite,Skilling,Fremennik
572,Build a Gilded Portal Nexus ,Build a gilded portal nexus in a Portal Nexus in your player-owned house. ,Elite,Skilling,Fremennik
573,Equip a Dragonfire Ward ,Equip a dragonfire ward. ,Elite,Drops,Fremennik
574,Create a Catherby Teleport Tablet ,Create a Catherby Teleport Tablet. ,Elite,Skilling,Fremennik
575,Equip a Dragonbone Necklace ,Equip a dragonbone necklace. ,Elite,Drops,Fremennik
576,Defeat Vorkath in 1:00 ,Defeat Vorkath on Ungael in 1:00 or less.,Elite,Bossing,Fremennik
577,Equip Every Dagannoth King Ring ,Equip an archers ring a berserker ring a seers ring and a warrior ring.,Elite,Drops,Fremennik
578,Equip a Neitiznot Faceguard ,Equip a neitiznot faceguard. ,Elite,Drops,Fremennik
579,Defeat Vorkath 5 Times Without Special Damage ,Defeat Vorkath on Ungael 5 times without taking any damage from his special attacks and without leaving his area.,Elite,Bossing,Fremennik
580,Defeat Vorkath 15 Times Without Leaving ,Defeat Vorkath on Ungael 15 times without leaving his area.,Elite,Bossing,Fremennik
581,Defeat Vorkath 250 Times ,Defeat Vorkath on Ungael 250 times.,Elite,Bossing,Fremennik
582,Defeat Vorkath 500 Times ,Defeat Vorkath on Ungael 500 times.,Elite,Bossing,Fremennik
583,Defeat Vorkath 750 Times ,Defeat Vorkath on Ungael 750 times.,Elite,Bossing,Fremennik
584,Defeat Each Dagannoth King 300 Times ,Defeat all three of the Dagannoth Kings in the Waterbirth Island Dungeon 300 times.,Elite,Bossing,Fremennik
585,Defeat Each Dagannoth King 650 Times ,Defeat all three of the Dagannoth Kings in the Waterbirth Island Dungeon 650 times.,Elite,Bossing,Fremennik
586,Defeat Each Dagannoth King 1000 Times ,Defeat all three of the Dagannoth Kings in the Waterbirth Island Dungeon 1000 times.,Elite,Bossing,Fremennik
587,Complete the Elite Fremennik Diary ,Complete all of the elite tasks in the Fremennik Achievement Diary. ,Elite,Diaries,Fremennik
588,Equip a Completed God Book ,Equip a completed god book. ,Elite,Clues,Fremennik
589,Build a Demonic Throne ,Build a demonic throne in a Throne Room in your player-owned house. ,Master,Skilling,Fremennik
590,Equip Every Draconic Shield ,Equip a dragonfire ward a dragonfire shield and an ancient wyvern shield.,Master,Drops,Fremennik
591,Defeat Vorkath in 0:45 ,Defeat Vorkath on Ungael in 0:45 or less.,Master,Bossing,Fremennik
592,Equip Every Completed God Book ,Equip every completed god book. ,Master,Clues,Fremennik
593,Complete the Gnome Stronghold Agility Course ,Complete a lap of the Gnome Stronghold Agility Course. ,Easy,Skilling,Kandarin
594,Catch a Crimson Swift in the Feldip Hills ,Catch a crimson swift in the Feldip Hills. ,Easy,Skilling,Kandarin
595,Complete a Fishing Trawler Game ,Complete a Fishing Trawler game at Port Khazard.,Easy,Minigames,Kandarin
596,Receive a Slayer Task From Steve ,Receive a slayer task from Steve in the Tree Gnome Stronghold. ,Easy,Combat,Kandarin
597,Defeat a Tortoise With Riders in Kandarin ,Defeat a tortoise with riders in Kandarin.,Easy,Combat,Kandarin
598,Visit the Tree Gnome Village ,Visit the Tree Gnome Village.,Easy,Other,Kandarin
599,Visit the Tree Gnome Stronghold ,Visit the Tree Gnome Stronghold.,Easy,Other,Kandarin
600,Complete Monk's Friend ,Complete the Monk's Friend quest. ,Easy,Quests,Kandarin
601,Complete Tower of Life ,Complete the Tower of Life quest. ,Easy,Quests,Kandarin
602,Complete Sea Slug ,Complete the Sea Slug quest. ,Easy,Quests,Kandarin
603,Brimstail Rune Essence Mine teleport ,Have Brimstail teleport you to the Rune Essence Mine.,Easy,Quests,Kandarin
604,Equip a Marksman Chompy Hat ,Equip a chompy bird hat.,Easy,Quests,Kandarin
605,Equip a Monkey Backpack ,Equip a monkey backpack.,Easy,Quests,Kandarin
606,Complete the Easy Ardougne Diary ,Complete all of the easy tasks in the Ardougne Achievement Diary. ,Easy,Diaries,Kandarin
607,Complete the Easy Kandarin Diary ,Complete all of the easy tasks in the Kandarin Achievement Diary. ,Easy,Diaries,Kandarin
608,Fletch 50 Maple Longbow (u) in Kandarin ,Fletch 50 maple longbow (u) in Kandarin. ,Medium,Skilling,Kandarin
609,Pickpocket a Knight of Ardougne 50 Times ,Pickpocket a Knight of Ardougne 50 times. ,Medium,Skilling,Kandarin
610,Complete the Barbarian Outpost Agility Course ,Complete a lap of the Barbarian Outpost Agility Course. ,Medium,Skilling,Kandarin
611,Trap a Spined Larupia in the Feldip Hills ,Trap a spined larupia in the Feldip Hills. ,Medium,Skilling,Kandarin
612,Equip a Spottier Cape ,Equip a spottier cape. ,Medium,Skilling,Kandarin
613,Catch a Red Salamander ,Catch a red salamander outside the Ourania Altar. ,Medium,Skilling,Kandarin
614,Enter the Fishing Guild ,Enter the Fishing Guild. ,Medium,Skilling,Kandarin
615,Move Your House to Yanille ,Move your player-owned house to Yanille. ,Medium,Skilling,Kandarin
616,Check a grown Papaya Tree in the Gnome Stronghold ,Check the health of a papaya tree you've grown in the Tree Gnome Stronghold. ,Medium,Skilling,Kandarin
617,Defeat a Mithril Dragon ,Defeat a mithril dragon in the Ancient Cavern.,Medium,Combat,Kandarin
618,Equip a Dragon Scimitar ,Equip a dragon scimitar. ,Medium,Combat,Kandarin
619,Set Up a Dwarf Cannon ,Set up a dwarf multicannon.,Medium,Quests,Kandarin
620,Enter the Ranging Guild ,Enter the Ranging Guild. ,Medium,Combat,Kandarin
621,Enter the Wizards' Guild ,Enter the Wizards' Guild in Yanille. ,Medium,Combat,Kandarin
622,Defeat a Bloodveld in Kandarin ,Defeat a bloodveld in Kandarin. ,Medium,Combat,Kandarin
623,Defeat an Aberrant Spectre in Kandarin ,Defeat an aberrant spectre in Kandarin. ,Medium,Combat,Kandarin
624,Use the Chivalry Prayer ,Use the Chivalry prayer. ,Medium,Combat,Kandarin
625,Equip an Iban's Staff (u) ,Equip an iban's staff (u). ,Medium,Combat,Kandarin
626,Win a Game of Castle Wars ,Win a game of Castle Wars.,Medium,Minigames,Kandarin
627,Complete Elemental Workshop II ,Complete the Elemental Workshop II quest. ,Medium,Quests,Kandarin
628,Complete the Observatory Quest ,Complete the Observatory Quest. ,Medium,Quests,Kandarin
629,Defeat the Penance Queen ,Defeat the Penance Queen in Barbarian Assault.,Medium,Minigames,Kandarin
630,Complete the Medium Ardougne Diary ,Complete all of the medium tasks in the Ardougne Achievement Diary. ,Medium,Diaries,Kandarin
631,Equip an Ogre Forester Chompy Hat ,Equip an ogre forester chompy hat. ,Medium,Quests,Kandarin
632,Equip a Karamja Monkey Backpack ,Equip a Karamja monkey backpack. ,Medium,Skilling,Kandarin
633,Complete the Medium Kandarin Diary ,Complete all of the medium tasks in the Kandarin Achievement Diary. ,Medium,Diaries,Kandarin
634,Pickpocket a Hero ,Pickpocket any Hero. ,Hard,Skilling,Kandarin
635,Complete the Seers' Village Agility Course ,Complete a lap of the Seers' Village Rooftop Course. ,Hard,Skilling,Kandarin
636,Catch 50 Red Chinchompas in the Hunting Ground ,Catch 50 red chinchompas in the Feldip Hills Red Chinchompa Hunting Ground. ,Hard,Skilling,Kandarin
637,Catch a Monkfish ,Catch a monkfish at the Piscatoris Fishing Colony. ,Hard,Skilling,Kandarin
638,Equip a Full Angler's Outfit ,Equip a full set of angler gear.,Hard,Minigames,Kandarin
639,Defeat a Demonic Gorilla ,Defeat a demonic gorilla in the Crash Site Cavern.,Hard,Combat,Kandarin
640,Equip a Fighter Torso ,Equip a fighter torso.,Hard,Minigames,Kandarin
641,Defeat a Cave Kraken ,Defeat a cave kraken in Kraken Cove. ,Hard,Combat,Kandarin
642,Equip a Trident of the Seas ,Equip a trident of the seas. ,Hard,Drops,Kandarin
643,Use the Piety Prayer ,Use the Piety prayer. ,Hard,Quests,Kandarin
644,Enter the Myths' Guild ,Enter the Myths' Guild.,Hard,Quests,Kandarin
645,Complete the Hard Ardougne Diary ,Complete all of the hard tasks in the Ardougne Achievement Diary. ,Hard,Diaries,Kandarin
646,Reach Level 5 in Any Barbarian Assault Role ,Reach level 5 in any Barbarian Assault Role.,Hard,Minigames,Kandarin
647,Equip an Ogre Expert Chompy Hat ,Equip an ogre expert chompy hat. ,Hard,Quests,Kandarin
648,Equip a Maniacal Monkey Backpack ,Equip a maniacal monkey backpack. ,Hard,Skilling,Kandarin
649,Complete the Hard Kandarin Diary ,Complete all of the hard tasks in the Kandarin Achievement Diary. ,Hard,Diaries,Kandarin
650,Complete the Ardougne Agility Course ,Complete a lap of the Ardougne Rooftop Course. ,Elite,Diaries,Kandarin
651,Check a grown Dragonfruit Tree in Catherby ,Check the health of a dragonfruit tree you've grown in Catherby. ,Elite,Diaries,Kandarin
652,Defeat a Smoke Devil ,Defeat a smoke devil in the Smoke Devil Dungeon. ,Elite,Combat,Kandarin
653,Equip Some Zenyte Jewelry ,Equip any piece of zenyte jewellery.,Elite,Drops,Kandarin
654,Equip a Heavy Ballista ,Equip a heavy ballista. ,Elite,Drops,Kandarin
655,Equip an Abyssal Tentacle ,Equip an abyssal tentacle. ,Elite,Drops,Kandarin
656,Defeat the Thermonuclear Smoke Devil ,Defeat the thermonuclear smoke devil in the Smoke Devil Dungeon. ,Elite,Bossing,Kandarin
657,Equip an Occult Necklace ,Equip an occult necklace. ,Elite,Drops,Kandarin
658,Equip a Dragon Full Helm ,Equip a dragon full helm.,Elite,Drops,Kandarin
659,Defeat the Kraken Boss 250 Times ,Defeat the Kraken boss in Kraken Cove 250 times.,Elite,Bossing,Kandarin
660,Defeat the Kraken Boss 500 Times ,Defeat the Kraken boss in Kraken Cove 500 times.,Elite,Bossing,Kandarin
661,Defeat the Kraken Boss 750 Times ,Defeat the Kraken boss in Kraken Cove 750 times.,Elite,Bossing,Kandarin
662,Defeat 300 Demonic Gorillas ,Defeat 300 demonic gorrilas in the Crash Site Cavern.,Elite,Bossing,Kandarin
663,Defeat 750 Demonic Gorillas ,Defeat 750 demonic gorrilas in the Crash Site Cavern.,Elite,Bossing,Kandarin
664,Defeat 1500 Demonic Gorillas ,Defeat 1500 demonic gorrilas in the Crash Site Cavern.,Elite,Bossing,Kandarin
665,Reach Level 5 in Every Barbarian Assault Role ,Reach level 5 in all four Barbarian Assault Roles.,Elite,Minigames,Kandarin
666,Equip a Dragon Archer Chompy Hat ,Equip a dragon archer chompy hat. ,Elite,Quests,Kandarin
667,Equip a Kruk Jr. Monkey Backpack ,Equip a kruk jr. monkey backpack. ,Elite,Skilling,Kandarin
668,Complete the Elite Kandarin Diary ,Complete all of the elite tasks in the Kandarin Achievement Diary. ,Elite,Diaries,Kandarin
669,Complete the Elite Ardougne Diary ,Complete all of the elite tasks in the Ardougne Achievement Diary. ,Elite,Diaries,Kandarin
670,Equip All Zenyte Jewelry ,Equip every piece of zenyte jewellery.,Master,Drops,Kandarin
671,Enhance a Trident of the Seas ,Enhance a trident of the seas.,Master,Drops,Kandarin
672,Equip an Expert Dragon Archer Chompy Hat ,Equip an expert dragon archer chompy hat.,Master,Quests,Kandarin
673,Equip a Prince Awowogei Monkey Back ,Equip a Prince Awowogei monkey backpack. ,Master,Skilling,Kandarin
674,Complete Room 1 of Pyramid Plunder ,Search the Golden Chest in Room 1 of Pyramid Plunder in Sophanem. ,Easy,Skilling,Desert
675,Complete Room 2 of Pyramid Plunder ,Search the Golden Chest in Room 2 of Pyramid Plunder in Sophanem. ,Easy,Skilling,Desert
676,Pick a Winter Sq'irk ,Pick a Winter Sq'irk in the Sorceress's Garden.,Easy,Skilling,Desert
677,Turn in a Winter Sq'irkjuice to Osman ,Turn in a Winter Sq'irkjuice to Osman in Al Kharid.,Easy,Skilling,Desert
678,Complete the Al Kharid Agility Course ,Complete a lap of the Al Kharid Rooftop Agility Course. ,Easy,Skilling,Desert
679,Craft a Fire Rune ,Craft a Fire Rune. ,Easy,Skilling,Desert
680,Defeat an Al Kharid Warrior ,Defeat an Al Kharid Warrior.,Easy,Combat,Desert
681,Complete the Easy Desert Diary ,Complete all of the easy tasks in the Desert Achievement Diary. ,Easy,Diaries,Desert
682,Go Through the Al Kharid Gate ,Go through the Al Kharid gate.,Easy,Other,Desert
683,Tan a Cow Hide in the Kharidian Desert ,Tan a cow hide in the Kharidian Desert.,Easy,Other,Desert
684,Use the Bank in Nardah ,Use the bank in Nardah.,Easy,Other,Desert
685,Cut a Cactus in the Kharidian Desert ,Cut a Cactus in the Kharidian Desert.,Easy,Other,Desert
686,Take a Carpet Ride from Pollnivneach to Sophanem ,Take a carpet ride from Pollnivneach to Sophanem.,Easy,Other,Desert
687,Enter the Kalphite Lair ,Enter the Kalphite Lair.,Easy,Other,Desert
688,Complete The Golem ,Complete The Golem quest. ,Easy,Quests,Desert
689,Complete Room 3 of Pyramid Plunder ,Search the Golden Chest in Room 3 of Pyramid Plunder in Sophanem. ,Medium,Skilling,Desert
690,Complete Room 4 of Pyramid Plunder ,Search the Golden Chest in Room 4 of Pyramid Plunder in Sophanem. ,Medium,Skilling,Desert
691,Complete Room 5 of Pyramid Plunder ,Search the Golden Chest in Room 5 of Pyramid Plunder in Sophanem. ,Medium,Skilling,Desert
692,Pick a Spring Sq'irk ,Pick a Spring Sq'irk in the Sorceress's Garden. ,Medium,Skilling,Desert
693,Pick a Autumn Sq'irk ,Pick a Autumn Sq'irk in the Sorceress's Garden. ,Medium,Skilling,Desert
694,Turn in 10 Spring Sq'irkjuices to Osman ,Turn in 10 Spring sq'irkjuices to Osman in Al Kharid in one go. ,Medium,Skilling,Desert
695,Pickpocket a Bandit in the Desert ,Pickpocket a Bandit in the Kharidian Desert. ,Medium,Skilling,Desert
696,Smith 1000 Mithril Dart Tips ,Use an Anvil to smith 1000 Mithril dart tips. ,Medium,Skilling,Desert
697,Make a Combat Potion ,Make a Combat Potion. ,Medium,Skilling,Desert
698,Defeat a Crocodile ,Defeat a Crocodile in the Kharidian Desert.,Medium,Combat,Desert
699,Turn in a Pyramid Top to Simon Templeton ,Turn in a Pyramid top to Simon Templeton at the Agility Pyramid. ,Medium,Skilling,Desert
700,Craft a Lava Rune at the Fire Altar ,Craft a Lava Rune at the Fire Altar. ,Medium,Skilling,Desert
701,Catch 30 Orange Salamanders ,Catch 30 Orange Salamanders at Uzer. ,Medium,Skilling,Desert
702,Mine 30 Chunks of Granite ,Mine 30 chunks of Granite at the Kharidian Desert Quarry. ,Medium,Skilling,Desert
703,Defeat a Scarab Mage ,Defeat a Scarab Mage in the Sophanem Dungeon.,Medium,Combat,Desert
704,Defeat a Kalphite Guardian ,Defeat a Kalphite Guardian in the Kharidian Desert.,Medium,Combat,Desert
705,Move Your House to Pollnivneach ,Move your Player Owned House to Pollnivneach. ,Medium,Skilling,Desert
706,Cast Ice Rush ,Cast the Ice Rush spell. ,Medium,Combat,Desert
707,Complete the Medium Desert Diary ,Complete all of the medium tasks in the Desert Achievement Diary. ,Medium,Diaries,Desert
708,Cast Bones to Peaches ,Cast the Bones to Peaches spell. ,Medium,Skilling,Desert
709,Complete Spirits of the Elid ,Complete the Spirits of the Elid quest.,Medium,Quests,Desert
710,Pray at the Elidinis Statuette ,Pray at the Elidinis Statuette in Nardah.,Medium,Quests,Desert
711,Enter Sophanem ,Enter Sophanem.,Medium,Quests,Desert
712,Complete Shadow of the Storm ,Complete the Shadow of the Storm quest. ,Medium,Quests,Desert
713,Complete Room 6 of Pyramid Plunder ,Search the Golden Chest in Room 6 of Pyramid Plunder in Sophanem. ,Hard,Skilling,Desert
714,Complete Room 7 of Pyramid Plunder ,Search the Golden Chest in Room 7 of Pyramid Plunder in Sophanem. ,Hard,Skilling,Desert
715,Pick a Summer Sq'irk ,Pick a Summer Sq'irk in the Sorceress's Garden. ,Hard,Skilling,Desert
716,Turn in 25 Autumn Sq'irkjuices to Osman ,Turn in 25 Autumn sq'irkjuices to Osman in Al Kharid in one go. ,Hard,Skilling,Desert
717,Pickpocket a Menaphite Thug 50 Times ,Knock out and then pickpocket a Menaphite Thug 50 times. ,Hard,Skilling,Desert
718,Make 20 Magic Potions ,Make 20 Magic Potions. ,Hard,Skilling,Desert
719,Smith 1000 Adamant Dart Tips ,Use an Anvil to smith 1000 Adamant Dart Tips. ,Hard,Skilling,Desert
720,Check a grown Cactus ,Check the health of a Cactus you've grown in Al Kharid. ,Hard,Skilling,Desert
721,Check a grown Potato Cactus ,Check the health of a Potato Cactus you've grown in Al Kharid. ,Hard,Skilling,Desert
722,Defeat a Dust Devil in the Kharidian Desert ,Defeat a Dust Devil in the Kharidian Desert. ,Hard,Combat,Desert
723,Cast Ice Burst ,Cast the Ice Burst spell. ,Hard,Combat,Desert
724,Cast Ice Blitz ,Cast the Ice Blitz spell. ,Hard,Combat,Desert
725,Cast Smoke Barrage ,Cast the Smoke Barrage spell. ,Hard,Combat,Desert
726,Cast Shadow Barrage ,Cast the Shadow Barrage spell. ,Hard,Combat,Desert
727,Equip a Dragon 2H Sword ,Equip a Dragon 2h sword in the Kharidian Desert.,Hard,Drops,Desert
728,Complete the Hard Desert Diary ,Complete all of the hard tasks in the Desert Achievement Diary. ,Hard,Diaries,Desert
729,Equip a Piece of the Infinity Robe Set ,Equip any piece of the Infinity robe set. ,Hard,Skilling,Desert
730,Complete Enakhra's Lament ,Complete the Enakhra's Lament quest.,Hard,Quests,Desert
731,Cast Paddewwa Teleport ,Cast the Paddewwa Teleport spell. ,Hard,Skilling,Desert
732,Have Zahur Make 1000 Unfinished Potions At Once ,Have Zahur make 1000 Unfinished Potions in one go.,Hard,Other,Desert
733,Complete Room 8 of Pyramid Plunder ,Search the Golden Chest in Room 8 of Pyramid Plunder in Sophanem. ,Elite,Skilling,Desert
734,Complete Room 8 of Pyramid Plunder 50 Times ,Search the Golden Chest in Room 8 of Pyramid Plunder in Sophanem 50 times. ,Elite,Skilling,Desert
735,Complete Room 8 of Pyramid Plunder 100 Times ,Search the Golden Chest in Room 8 of Pyramid Plunder in Sophanem 100 times. ,Elite,Skilling,Desert
736,Complete Room 8 of Pyramid Plunder 250 Times ,Search the Golden Chest in Room 8 of Pyramid Plunder in Sophanem 250 times. ,Elite,Skilling,Desert
737,Turn in 100 Summer Sq'irkjuices to Osman ,Turn in 100 Summer sq'irkjuices to Osman in Al Kharid. ,Elite,Skilling,Desert
738,Smith 1000 Rune Dart Tips ,Use an Anvil to smith 1000 Rune Dart Tips. ,Elite,Skilling,Desert
739,Defeat the Kalphite Queen ,Defeat the Kalphite Queen in the Kalphite Lair.,Elite,Bossing,Desert
740,Equip a Dragon Chainbody in the Kharidian Desert ,Equip a Dragon chainbody in the Kharidian Desert.,Elite,Drops,Desert
741,Cast Blood Barrage ,Cast the Blood Barrage spell. ,Elite,Combat,Desert
742,Cast Ice Barrage ,Cast the Ice Barrage spell. ,Elite,Combat,Desert
743,Defeat the Kalphite Queen 100 Times ,Defeat the Kalphite Queen in the Kalphite Lair 100 times.,Elite,Bossing,Desert
744,Defeat the Kalphite Queen 250 Times ,Defeat the Kalphite Queen in the Kalphite Lair 250 times.,Elite,Bossing,Desert
745,Defeat the Kalphite Queen 500 Times ,Defeat the Kalphite Queen in the Kalphite Lair 500 times.,Elite,Bossing,Desert
746,Complete the Elite Desert Diary ,Complete all of the elite tasks in the Desert Achievement Diary. ,Elite,Diaries,Desert
747,Equip a Full Infinity Robe Set ,Equip a full set of Infinity robes. ,Elite,Skilling,Desert
748,Equip a Master Wand ,Equip a Master Wand. ,Elite,Skilling,Desert
749,Craft a Ghorrock Teleport Tablet ,Craft a Ghorrock Teleport Tablet. ,Elite,Skilling,Desert
750,Equip a Mage's Book ,Equip a Mage's Book. ,Elite,Skilling,Desert
751,Craft a Snelm ,Craft any Snelm. ,Easy,Skilling,Morytania
752,Receive a Slayer Task From Mazchna ,Receive a Slayer task from Mazchna in Canifis.,Easy,Combat,Morytania
753,Defeat a Werewolf in Morytania ,Defeat a Werewolf in Morytania.,Easy,Combat,Morytania
754,Defeat One of Fenkenstrain's Experiments ,Defeat one of Fenkenstrain's Experiments in the Experiment Cave.,Easy,Combat,Morytania
755,Defeat a Ghast ,Defeat a Ghast in Mort Myre.,Easy,Combat,Morytania
756,Complete the Easy Morytania Diary ,Complete all of the easy tasks in the Morytania Achievement Diary. ,Easy,Diaries,Morytania
757,Complete an Easy Temple Trek ,Complete an easy Temple Trek,Easy,Minigames,Morytania
758,Visit Port Phasmatys ,Visit Port Phasmatys.,Easy,Other,Morytania
759,Pet Frank ,Pet Darkmeyer's goodest boy.,Easy,Other,Morytania
760,Obtain a Rune Crossbow From a Lucky Impling ,Obtain a rune crossbow from a Lucky Impling in Morytania. ,Easy,Skilling,Morytania
761,Visit Harmony Island ,Visit Harmony Island.,Easy,Other,Morytania
762,Visit Mos Le'Harmless ,Visit Mos Le'Harmless. ,Easy,Other,Morytania
763,Complete Floor 1 of the Hallowed Sepulchre ,Complete floor 1 of the Hallowed Sepulchre in Darkmeyer. ,Medium,Skilling,Morytania
764,Complete Floor 2 of the Hallowed Sepulchre ,Complete floor 2 of the Hallowed Sepulchre in Darkmeyer. ,Medium,Skilling,Morytania
765,Complete the Canifis Agility Course ,Complete a lap of the Canifis Rooftop Agility Course. ,Medium,Skilling,Morytania
766,Complete the Werewolf Agility Course ,Complete a lap of the Werewolf Agility Course. ,Medium,Skilling,Morytania
767,Catch a Swamp Lizard in Morytania ,Catch a Swamp Lizard in Morytania. ,Medium,Skilling,Morytania
768,Convert 2000 Daeyalt Shards Into Essence ,Convert 2000 Daeyalt Shards into Daeyalt Essence in Darkmeyer in one go. ,Medium,Skilling,Morytania
769,Craft a Rune Using Daeyalt Essence ,Craft any rune using Daeyalt Essence. ,Medium,Skilling,Morytania
770,Assemble a Slayer Helm ,Assemble a Slayer Helm. ,Medium,Drops,Morytania
771,Loot a Barrows Chest ,Loot a Barrows Chest once.,Medium,Bossing,Morytania
772,Defeat a Fiyr Shade ,Defeat a Fiyr Shade. ,Medium,Combat,Morytania
773,Defeat a Vyrewatch Sentinel ,Defeat a Vyrewatch Sentinel in Darkmeyer.,Medium,Combat,Morytania
774,Equip a Piece of any Barrows Armour Set ,Equip any piece of any Barrows armour set.,Medium,Drops,Morytania
775,Complete the Medium Morytania Diary ,Complete all of the medium tasks in the Morytania Achievement Diary. ,Medium,Diaries,Morytania
776,Complete a Medium Temple Trek ,Complete a medium Temple Trek,Medium,Minigames,Morytania
777,Complete Haunted Mine ,Complete the Haunted Mine quest.,Medium,Quests,Morytania
778,Complete A Taste of Hope ,Complete the A Taste of Hope quest.,Medium,Quests,Morytania
779,Achieve 100% Shades of Mort'ton Sanctity ,Achieve 100% Sanctity during the Shades of Mort'ton minigame.,Medium,Minigames,Morytania
780,Equip a Salve Amulet (e) ,Equip a Salve amulet (e).,Medium,Quests,Morytania
781,Complete Floor 3 of the Hallowed Sepulchre ,Complete floor 3 of the Hallowed Sepulchre in Darkmeyer. ,Hard,Skilling,Morytania
782,Complete Floor 4 of the Hallowed Sepulchre ,Complete floor 4 of the Hallowed Sepulchre in Darkmeyer. ,Hard,Skilling,Morytania
783,Complete the Hallowed Sepulchre in 8:00 ,Complete the Hallowed Sepulchre in Darkmeyer in 8:00 or less. ,Hard,Skilling,Morytania
784,Purchase a Reward From the Hallowed Sepulchre ,Purchase a reward from the Hallowed Sepulchre. ,Hard,Skilling,Morytania
785,Obtain Every Hallowed Tool ,Obtain all four Hallowed Tools from the Hallowed Sepulchre. ,Hard,Skilling,Morytania
786,Pickpocket a Vyre 50 Times ,Pickpocket a Vyre 50 times. ,Hard,Skilling,Morytania
787,Defeat a Gargoyle in Morytania ,Defeat a Gargoyle in Morytania. ,Hard,Combat,Morytania
788,Defeat an Abyssal Demon in Morytania ,Defeat an Abyssal Demon in Morytania. ,Hard,Combat,Morytania
789,Defeat the Grotesque Guardians 100 Times ,Defeat the Grotesque Guardians at the Slayer Tower 100 times. ,Hard,Bossing,Morytania
790,Equip any Full Barrows Armour Set ,Equip a full set of any Barrows armour.,Hard,Drops,Morytania
791,Equip a Granite Hammer or Granite Ring ,Equip either a granite hammer or a granite ring. ,Hard,Drops,Morytania
792,Defeat the Grotesque Guardians ,Defeat the Grotesque Guardians at the Slayer Tower. ,Hard,Bossing,Morytania
793,Complete the Hard Morytania Diary ,Complete all of the hard tasks in the Morytania Achievement Diary. ,Hard,Diaries,Morytania
794,Complete a Hard Temple Trek ,Complete a hard Temple Trek,Hard,Minigames,Morytania
795,Complete Sins of the Father ,Complete the Sins of the Father quest. ,Hard,Quests,Morytania
796,Complete Floor 5 of the Hallowed Sepulchre ,Complete floor 5 of the Hallowed Sepulchre in Darkmeyer. ,Elite,Skilling,Morytania
797,Complete the Hallowed Sepulchre in 6:30 ,Complete the Hallowed Sepulchre in Darkmeyer in 6:30 or less. ,Elite,Skilling,Morytania
798,Equip a Ring of Endurance ,Equip a Ring of Endurance. ,Elite,Skilling,Morytania
799,Defeat The Nightmare ,Defeat The Nightmare in the Sisterhood Sanctuary.,Elite,Bossing,Morytania
800,Complete the Theatre of Blood With No Deaths ,Complete the Theatre of Blood without any party member dying.,Elite,Raids,Morytania
801,Equip Some Guardian Boots ,Equip a pair of Guardian Boots. ,Elite,Drops,Morytania
802,Equip Every Barrows Armour Set ,Equip all six sets of Barrows armour. ,Elite,Drops,Morytania
803,Equip an Inquisitor's Mace ,Equip an Inquisitor's mace. ,Elite,Drops,Morytania
804,Equip a Piece of the Inquisitor's Set ,Equip any piece of the Inquisitor's armour set. ,Elite,Drops,Morytania
805,Equip a Nightmare Staff ,Equip a normal Nightmare staff. ,Elite,Drops,Morytania
806,Create an Amulet of Blood Fury ,Create an amulet of blood fury. ,Elite,Drops,Morytania
807,Equip an Avernic Defender ,Equip an Avernic defender. ,Elite,Drops,Morytania
808,Equip a Sanguinesti Staff ,Equip a Sanguinesti staff. ,Elite,Drops,Morytania
809,Equip a Scythe of Vitur ,Equip a Scythe of Vitur. ,Elite,Drops,Morytania
810,Equip a Piece of the Justiciar Set ,Equip any piece of the Justiciar armour set. ,Elite,Drops,Morytania
811,Equip a Ghrazi Rapier ,Equip a Ghrazi rapier. ,Elite,Drops,Morytania
812,Complete the Theatre of Blood in 20:00 ,Complete the Theatre of Blood in 20:00 or less challenge time with 3 players or less.,Elite,Raids,Morytania
813,Defeat The Nightmare in 3:00 ,Defeat The Nightmare in the Sisterhood Sanctuary in 3:00 or less with 5 players or less.,Elite,Bossing,Morytania
814,Complete the Theatre of Blood 100 Times ,Complete the Theatre of Blood 100 times.,Elite,Raids,Morytania
815,Complete the Theatre of Blood 200 Times ,Complete the Theatre of Blood 200 times.,Elite,Raids,Morytania
816,Complete the Theatre of Blood 350 Times ,Complete the Theatre of Blood 350 times.,Elite,Raids,Morytania
817,Complete the Theatre of Blood 500 Times ,Complete the Theatre of Blood 500 times.,Elite,Raids,Morytania
818,Defeat the Grotesque Guardians 250 Times ,Defeat the Grotesque Guardians at the Slayer Tower 250 times. ,Elite,Bossing,Morytania
819,Complete the Elite Morytania Diary ,Complete all of the elite tasks in the Morytania Achievement Diary. ,Elite,Diaries,Morytania
820,Equip a Full Inquisitor's Set ,Equip a full set of Inquisitor's armour. ,Master,Drops,Morytania
821,Equip a Nightmare Staff With an Orb ,Equip either an Eldritch Nightmare Staff a Harmonised Nightmare Staff or a Volatile Nightmare Staff. ,Master,Drops,Morytania
822,Equip a Full Justiciar Set ,Equip a full set of Justiciar armour. ,Master,Drops,Morytania
823,Complete the Theatre of Blood in 16:00 ,Complete the Theatre of Blood in 16:00 or less challenge time with 3 players or less.,Master,Raids,Morytania
824,Cook a Rabbit in Tirannwn ,Cook a raw rabbit anywhere within Tirannwn.,Easy,Skilling,Tirannwn
825,Harvest some Sweetcorn in Prifddinas ,Harvest some sweetcorn from the Prifddinas Allotment Patch. ,Easy,Skilling,Tirannwn
826,Cross a Trap in Isafdar ,Successfully cross any kind of trap in Isafdar.,Easy,Other,Tirannwn
827,Defeat a Waterfiend in Tirannwn ,Defeat a Waterfiend in Tirannwn.,Easy,Combat,Tirannwn
828,Defeat a Moss Giant in Tirannwn ,Defeat a Moss Giant in Tirannwn.,Easy,Combat,Tirannwn
829,Use the Bank in Lletya ,Use the bank in Lletya.,Easy,Other,Tirannwn
830,Find Every Memoriam Crystal ,Find every memoriam crystal in Prifddinas and add them to the Memoriam Device.,Easy,Other,Tirannwn
831,Charter a Ship From Prifddinas to Port Tyras ,Take a Charter Ship from Prifddinas to Port Tyras.,Easy,Other,Tirannwn
832,Talk to Ilfeen in Tirannwn ,Talk to Ilfeen in Tirannwn. ,Easy,Other,Tirannwn
833,Check a grown Papaya Tree in Lletya ,Check the health of a papaya tree you've grown in Lletya. ,Medium,Skilling,Tirannwn
834,Craft 50 Death Runes ,Craft 50 death runes. ,Medium,Skilling,Tirannwn
835,Move Your House to Prifddinas ,Move your player-owned house to Prifddinas.,Medium,Skilling,Tirannwn
836,Defeat an Elf in Tirannwn ,Defeat an Elf in Tirannwn.,Medium,Combat,Tirannwn
837,Defeat a Bloodveld in Tirannwn ,Defeat a Bloodveld in Tirannwn. ,Medium,Combat,Tirannwn
838,Defeat a Kurask in Tirannwn ,Defeat a Kurask in Tirannwn. ,Medium,Combat,Tirannwn
839,Use an Elven Teleport Crystal ,Use a Teleport crystal.,Medium,Other,Tirannwn
840,Check a grown Crystal Tree ,Check the health of a Crystal tree you've grown in Prifddinas. ,Hard,Skilling,Tirannwn
841,Catch a Crystal Impling ,Catch a Crystal impling in Prifddinas. ,Hard,Skilling,Tirannwn
842,Complete the Prifddinas Agility Course ,Complete a lap of the Prifddinas Agility Course. ,Hard,Skilling,Tirannwn
843,Complete the Prifddinas Agility Course in 1:10 ,Complete a lap of the Prifddinas Agility Course in 1:10 or less. ,Hard,Skilling,Tirannwn
844,Pickpocket an Elf 50 Times ,Pickpocket an elf 50 times. ,Hard,Skilling,Tirannwn
845,Craft a Piece of Crystal Armour ,Use a singing bowl to craft any piece of crystal armour. ,Hard,Skilling,Tirannwn
846,Complete the Gauntlet ,Complete the Gauntlet in Prifddinas.,Hard,Bossing,Tirannwn
847,Defeat Zalcano ,Defeat Zalcano in Prifddinas.,Hard,Bossing,Tirannwn
848,Defeat Zulrah ,Defeat Zulrah at the Poison Waste.,Hard,Bossing,Tirannwn
849,Defeat a Dark Beast in Tirannwn ,Defeat a Dark Beast in Tirannwn. ,Hard,Combat,Tirannwn
850,Equip a Dark Bow ,Equip a dark bow. ,Hard,Drops,Tirannwn
851,Defeat Zulrah in 1:30 ,Defeat Zulrah at the Poison Waste in 1:30 or less.,Hard,Bossing,Tirannwn
852,Complete the Gauntlet in 8:00 ,Complete the Gauntlet in Prifddinas in 8:00 or less.,Hard,Bossing,Tirannwn
853,Equip a Crystal Bow ,Equip a crystal bow. ,Hard,Drops,Tirannwn
854,Equip a Crystal Shield ,Equip a crystal shield. ,Hard,Drops,Tirannwn
855,Equip a Crystal Halberd ,Equip a crystal halberd. ,Hard,Drops,Tirannwn
856,Defeat a Nechryael in Tirannwn ,Defeat a Nechryael in Tirannwn. ,Hard,Combat,Tirannwn
857,Craft an Eternal Teleport Crystal ,Use a Singing Bowl to craft an eternal teleport crystal. ,Hard,Drops,Tirannwn
858,Open the Enhanced Crystal Chest ,Open the Elven Crystal Chest in Prifddinas. ,Hard,Other,Tirannwn
859,Dissect 50 Sacred Eels ,Dissect 50 Sacred eels. ,Elite,Skilling,Tirannwn
860,Equip an Elven Signet ,Equip an Elven signet. ,Elite,Drops,Tirannwn
861,Obtain a Zalcano Shard ,Obtain a Zalcano shard as a drop from Zalcano in Prifddinas.,Elite,Drops,Tirannwn
862,Equip a Full Crystal Armour Set ,Equip a full set of Crystal armour. ,Elite,Drops,Tirannwn
863,Complete the Corrupted Gauntlet ,Complete the Corrupted Gauntlet in Prifddinas.,Elite,Bossing,Tirannwn
864,Obtain a Crystal Tool Seed ,Obtain a Crystal tool seed as a drop from Zalcano.,Elite,Drops,Tirannwn
865,Equip a Serpentine Helm ,Equip a Serpentine helm.,Elite,Drops,Tirannwn
866,Craft a Toxic Blowpipe ,Craft a Toxic blowpipe.,Elite,Drops,Tirannwn
867,Craft a Toxic Trident ,Craft a Toxic trident.,Elite,Drops,Tirannwn
868,Defeat Zulrah in 0:54 ,Defeat Zulrah at the Poison Waste in 0:54 or less.,Elite,Bossing,Tirannwn
869,Complete the Gauntlet in 5:00 ,Complete the Gauntlet in Prifddinas in 5:00 or less.,Elite,Bossing,Tirannwn
870,Complete the Corrupted Gauntlet in 8:30 ,Complete the Corrupted Gauntlet in Prifddinas in 8:30 or less.,Elite,Bossing,Tirannwn
871,Complete the Corrupted Gauntlet in 7:00 ,Complete the Corrupted Gauntlet in Prifddinas in 7:00 or less.,Elite,Bossing,Tirannwn
872,Complete the Corrupted Gauntlet 100 Times ,Complete the Corrupted Gauntlet in Prifddinas 100 times.,Elite,Bossing,Tirannwn
873,Complete the Corrupted Gauntlet 250 Times ,Complete the Corrupted Gauntlet in Prifddinas 250 times.,Elite,Bossing,Tirannwn
874,Defeat Zalcano 250 Times ,Defeat Zalcano in Prifddinas 250 times.,Elite,Bossing,Tirannwn
875,Defeat Zalcano 500 Times ,Defeat Zalcano in Prifddinas 500 times.,Elite,Bossing,Tirannwn
876,Defeat Zulrah 250 Times ,Defeat Zulrah at the Poison Waste 250 times.,Elite,Bossing,Tirannwn
877,Defeat Zulrah 500 Times ,Defeat Zulrah at the Poison Waste 500 times.,Elite,Bossing,Tirannwn
878,Equip a Piece of the Dragonstone Armour Set ,Equip any piece of the Dragonstone armour set.,Elite,Drops,Tirannwn
879,Equip a Corrupted Blade of Saeldor ,Equip a Corrupted Blade of Saeldor.,Master,Drops,Tirannwn
880,Defeat Zulrah in 0:42 ,Defeat Zulrah at the Poison Waste in 0:42 or less.,Master,Bossing,Tirannwn
881,Complete the Corrupted Gauntlet in 5:00 ,Complete the Corrupted Gauntlet in Prifddinas in 5:00 or less.,Master,Bossing,Tirannwn
882,Equip a Crystal Crown ,Equip a Crystal crown. ,Master,Other,Tirannwn
883,Sacrifice Some Bones at the Chaos Temple ,Sacrifice some Bones at the Western Chaos Temple altar.,Easy,Other,Wilderness
884,Use the Abyss ,Use the Abyss to access a Runecrafting Altar.,Easy,Other,Wilderness
885,Defeat a Lava Dragon in the Wilderness ,Defeat a Lava dragon in the Wilderness.,Easy,Combat,Wilderness
886,Defeat a Fire Giant in the Wilderness ,Defeat a Fire Giant in the Wilderness.,Easy,Combat,Wilderness
887,Defeat a Chaos Dwarf in the Wilderness ,Defeat a Chaos Dwarf in the Wilderness.,Easy,Combat,Wilderness
888,Defeat a Green Dragon in the Wilderness ,Defeat a Green Dragon in the Wilderness.,Easy,Combat,Wilderness
889,Complete the Easy Wilderness Diary ,Complete all of the easy tasks in the Wilderness Achievement Diary. ,Easy,Diaries,Wilderness
890,Order a Drink at the Old Nite ,Order a drink at The Old Nite.,Easy,Other,Wilderness
891,Use a Lever to Teleport to Edgeville ,Use the lever near the Mage Arena to teleport to Edgeville.,Easy,Other,Wilderness
892,Pray at the Southern Chaos Temple ,Pray at the altar in the Southern Chaos Temple.,Easy,Other,Wilderness
893,Pray at the Western Chaos Temple ,Pray at the altar in the Western Chaos Temple.,Easy,Other,Wilderness
894,Enter the Wilderness Resource Area ,Enter the Wilderness Resource Area.,Easy,Other,Wilderness
895,Enter the Wilderness God Wars Dungeon ,Enter the Wilderness God Wars Dungeon.,Easy,Other,Wilderness
896,Use the Bank at the Mage Arena ,Use the bank at the Mage Arena.,Easy,Other,Wilderness
897,Visit Ferox Enclave ,Visit Ferox Enclave. ,Easy,Other,Wilderness
898,Sacrifice Some Dragon Bones at the Chaos Temple ,Sacrifice some Dragon bones at the Western Chaos Temple altar.,Medium,Combat,Wilderness
899,Bury Some Lava Dragon Bones ,Bury some Lava dragon bones.,Medium,Combat,Wilderness
900,Complete the Wilderness Agility Course ,Complete a lap of the Wilderness Agility Course. ,Medium,Skilling,Wilderness
901,Catch a Black Salamander ,Catch a Black Salamander in the Wilderness. ,Medium,Skilling,Wilderness
902,Fill a Large Pouch ,Fill a Large Pouch with Essence. ,Medium,Skilling,Wilderness
903,Defeat the Crazy Archaeologist ,Defeat the Crazy Archaeologist in the Wilderness.,Medium,Bossing,Wilderness
904,Defeat Scorpia ,Defeat Scorpia in the Wilderness.,Medium,Bossing,Wilderness
905,Defeat the Chaos Fanatic ,Defeat the Chaos Fanatic in the Wilderness.,Medium,Bossing,Wilderness
906,Defeat the Chaos Elemental ,Defeat the Chaos Elemental] in the Wilderness.,Medium,Bossing,Wilderness
907,Equip a Fedora ,Equip a Fedora.,Medium,Drops,Wilderness
908,Obtain an Ecumenical Key ,Obtain an Ecumenical key as a drop in the Wilderness God Wars Dungeon.,Medium,Combat,Wilderness
909,Equip a Lava Battlestaff ,Equip a Lava battlestaff.,Medium,Drops,Wilderness
910,Equip a Bracelet of Ethereum ,Equip a Bracelet of ethereum.,Medium,Drops,Wilderness
911,Equip a God Cape ,Equip either a Saradomin cape a Guthix cape or Zamorak cape.,Medium,Quests,Wilderness
912,Cast Saradomin Strike ,Cast the Saradomin Strike spell outside of the Mage Arena.,Medium,Combat,Wilderness
913,Cast Claws of Guthix ,Cast the Claws of Guthix spell outside of the Mage Arena.,Medium,Combat,Wilderness
914,Cast Flames of Zamorak ,Cast the Flames of Zamorak spell outside of the Mage Arena.,Medium,Combat,Wilderness
915,Complete the Medium Wilderness Diary ,Complete all of the medium tasks in the Wilderness Achievement Diary.,Medium,Diaries,Wilderness
916,Open a Looting Bag ,Open a looting bag.,Medium,Other,Wilderness
917,Enter the Deep Wilderness Dungeon ,Enter the Deep Wilderness Dungeon.,Medium,Other,Wilderness
918,Open One of Larran's Chests ,Open either Larran's small chest or Larran's big chest.,Medium,Combat,Wilderness
919,Catch 100 Dark Crabs ,Catch 100 Dark Crabs in the Wilderness. ,Hard,Skilling,Wilderness
920,Catch a Black Chinchompa ,Catch a Black Chinchompa in the Wilderness. ,Hard,Skilling,Wilderness
921,Craft an Air Battlestaff in the Wilderness ,Craft an air battlestaff in the Wilderness. ,Hard,Skilling,Wilderness
922,Fill a Giant Pouch ,Fill a giant pouch with Essence. ,Hard,Skilling,Wilderness
923,Defeat Venenatis ,Defeat Venenatis in the Wilderness.,Hard,Bossing,Wilderness
924,Defeat Callisto ,Defeat Callisto in the Wilderness.,Hard,Bossing,Wilderness
925,Defeat Vet'ion ,Defeat Vet'ion in the Wilderness.,Hard,Bossing,Wilderness
926,Defeat the King Black Dragon ,Defeat the King Black Dragon in the Wilderness.,Hard,Bossing,Wilderness
927,Equip a Dragon Pickaxe ,Equip a dragon pickaxe.,Hard,Drops,Wilderness
928,Equip a Dragon 2H Sword in the Wilderness ,Equip a dragon 2h sword in the Wilderness.,Hard,Drops,Wilderness
929,Equip an Enchanted Slayer Staff ,Equip an Enchanted Slayer Staff.,Hard,Drops,Wilderness
930,Trade With the Emblem Trader ,Trade an ancient medallion an ancient effigy or an ancient relic with the Emblem Trader in the Forinthry Dungeon.,Hard,Drops,Wilderness
931,Imbue a God Cape ,Imbue either a Saradomin cape a Guthix cape or Zamorak cape.,Hard,Quests,Wilderness
932,Complete the Hard Wilderness Diary ,Complete all of the hard tasks in the Wilderness Achievement Diary. ,Hard,Diaries,Wilderness
933,Equip a Piece of the Dagon'Hai Set ,Equip any piece of the Dagon'hai robes set. ,Hard,Drops,Wilderness
934,Cook a Dark Crab ,Cook a Dark Crab. ,Elite,Skilling,Wilderness
935,Make an Extended Antifire Potion ,Make an extended antifire potion. ,Elite,Skilling,Wilderness
936,Equip 250 Black Chinchompas ,Equip a stack of at least 250 Black Chinchompas. ,Elite,Skilling,Wilderness
937,Equip 500 Black Chinchompas ,Equip a stack of at least 500 Black Chinchompas. ,Elite,Skilling,Wilderness
938,Equip 1000 Black Chinchompas ,Equip a stack of at least 1000 Black Chinchompas. ,Elite,Skilling,Wilderness
939,Mine Some Runite Ore in the Wilderness ,Mine some Runite Ore in the Wilderness. ,Elite,Skilling,Wilderness
940,Equip a Treasonous Ring ,Equip a Treasonous ring.,Elite,Drops,Wilderness
941,Equip a Tyrannical Ring ,Equip a Tyrannical ring.,Elite,Drops,Wilderness
942,Equip a Ring of the Gods ,Equip a Ring of the gods.,Elite,Drops,Wilderness
943,Equip a Craw's Bow ,Equip a Craw's Bow. ,Elite,Drops,Wilderness
944,Equip a Viggora's Chainmace ,Equip a Viggora's Chainmace. ,Elite,Drops,Wilderness
945,Equip a Thammaron's Sceptre ,Equip a Thammaron's Sceptre. ,Elite,Drops,Wilderness
946,Defeat the Corporeal Beast ,Defeat the Corporeal Beast in the Wilderness.,Elite,Bossing,Wilderness
947,Defeat the Corporeal Beast 100 Times ,Defeat the Corporeal Beast in the Wilderness 100 times.,Elite,Bossing,Wilderness
948,Defeat the Corporeal Beast 250 Times ,Defeat the Corporeal Beast in the Wilderness 250 times.,Elite,Bossing,Wilderness
949,Defeat the Corporeal Beast 500 Times ,Defeat the Corporeal Beast in the Wilderness 500 times.,Elite,Bossing,Wilderness
950,Equip a Blessed Spirit Shield ,Equip a Blessed Spirit Shield. ,Elite,Drops,Wilderness
951,Equip a Malediction Ward ,Equip a Malediction Ward. ,Elite,Drops,Wilderness
952,Equip an Odium Ward ,Equip an Odium Ward. ,Elite,Drops,Wilderness
953,Build an Obelisk ,Build an obelisk in your Player Owned House. ,Elite,Skilling,Wilderness
954,Complete the Elite Wilderness Diary ,Complete all of the elite tasks in the Wilderness Achievement Diary. ,Elite,Diaries,Wilderness
955,Equip a Full Dagon'Hai Set ,Equip a full set of Dagon'hai robes. ,Elite,Drops,Wilderness
956,Equip a Spectral or Arcane Spirit Shield ,Equip either a Spectral Spirit Shield or an Arcane Spirit Shield. ,Master,Drops,Wilderness
957,Equip an Elysian Spirit Shield ,Equip an Elysian Spirit Shield. ,Master,Drops,Wilderness
958,Obtain Every Revenant Weapon ,Obtain Craw's Bow Viggora's Chainmace and Thammaron's Sceptre as drops from Revenants.,Master,Drops,Wilderness
959,Equip an Amulet of Eternal Glory ,Equip an amulet of eternal glory.,Master,Drops,Wilderness
