Task,Notes,Skill1,Level1,Skill2,Level2,Skill3,Level3,Skill4,Level4,Skill5,Level5
Achieve Your First Level 10,,,,,,,,,,,
Achieve Your First Level 20,,,,,,,,,,,
Achieve Your First Level 5,,,,,,,,,,,
Achieve Your First Level Up,,,,,,,,,,,
Build a Room in Your Player Owned House,,,,,,,,,,,
Burn Some Coloured Logs,,,,,,,,,,,
Burn Some Food,,,,,,,,,,,
Burn Some Normal Logs,,,,,,,,,,,
Burn Some Oak Logs,,Firemaking,15,,,,,,,,
Bury Some Bones,,,,,,,,,,,
Cast Home Teleport,,,,,,,,,,,
Catch a Baby Impling,,Hunter,17,,,,,,,,
Catch a Herring,,Fishing,10,,,,,,,,
Catch a Shrimp,,,,,,,,,,,
Catch an Anchovy,,Fishing,15,,,,,,,,
Check Your Slayer Task,,,,,,,,,,,
Chop Some Logs,,,,,,,,,,,
Chop Some Logs With a Steel Axe,,Woodcutting,6,,,,,,,,
Clean a Grimy Guam,,Herblore,3,,,,,,,,
Complete a Beginner Clue Scroll,,,,,,,,,,,
Complete a Rooftop Agility Course,,Agility,10,,,,,,,,
Complete an Easy Clue Scroll,,,,,,,,,,,
Complete the Easy Western Provinces Diary,See diary page,,,,,,,,,,
Complete the Leagues Tutorial,,,,,,,,,,,
Cook a Shrimp,,,,,,,,,,,
Craft a Leather Body,,Crafting,14,,,,,,,,
Craft Any Rune,,,,,,,,,,,
Cut a Sapphire,,Crafting,20,,,,,,,,
Defeat a Goblin,,,,,,,,,,,
Defeat a Guard,,,,,,,,,,,
Defeat a Moss Giant,,,,,,,,,,,
Drink a Strength Potion,,,,,,,,,,,
Earn Some Slayer Points,,Combat,20,,,,,,,,
Eat some Purple Sweets,,,,,,,,,,,
Enter your Player Owned House,,,,,,,,,,,
Equip a Full Mithril Set,,Defence,20,,,,,,,,
Equip a Maple Shortbow,,Ranged,30,,,,,,,,
Equip a Mithril Weapon,,Attack,20,,,,,,,,
Equip a Spiny Helmet,,Defence,5,,,,,,,,
Equip a Studded Body and Chaps,,Ranged,20,Defence,20,,,,,,
Equip a Wizard Robe and Hat,,,,,,,,,,,
Equip an Elemental Staff,,,,,,,,,,,
Fletch 150 Iron Arrows,,Fletching,15,,,,,,,,
Fletch an Oak Shortbow,,Fletching,20,,,,,,,,
Fletch Some Arrow Shafts,,,,,,,,,,,
Gain a Unique Item From a Beginner Clue,,,,,,,,,,,
Gain a Unique Item From an Easy Clue,,,,,,,,,,,
Light a Torch,,,,,,,,,,,
Locate a Runecrafting Altar With a Talisman,,,,,,,,,,,
Make an Attack Potion,,Herblore,3,,,,,,,,
Mine some Copper Ore,,,,,,,,,,,
Mine some Ore With a Steel Pickaxe,,Mining,6,,,,,,,,
Obtain a Bird Nest,,,,,,,,,,,
Obtain a Gem While Mining,,,,,,,,,,,
Obtain a Mark of Grace,,Agility,10,,,,,,,,
Open 28 Coin Pouches At Once,,,,,,,,,,,
Open the Leagues Menu,,,,,,,,,,,
Pickpocket a Citizen,,,,,,,,,,,
Plant Seeds in an Allotment Patch,,,,,,,,,,,
Protect Your Crops,,,,,,,,,,,
Purchase a Player Owned House,,,,,,,,,,,
Rake a Farming Patch,,,,,,,,,,,
Reach Base Level 10,,,,,,,,,,,
Reach Base Level 20,,,,,,,,,,,
Reach Base Level 5,,,,,,,,,,,
Reach Combat Level 10,,,,,,,,,,,
Reach Combat Level 25,,,,,,,,,,,
Reach Total Level 100,,,,,,,,,,,
Reach Total Level 250,,,,,,,,,,,
Reach Total Level 500,,,,,,,,,,,
Receive a Slayer Task,,,,,,,,,,,
Restore 5 Prayer Points at an Altar,,Prayer,5,,,,,,,,
Smelt a Bronze Bar,,,,,,,,,,,
Smelt an Iron Bar,,Smithing,15,,,,,,,,
Smith 150 Iron Arrowtips,,Smithing,20,,,,,,,,
Snare a Bird,,,,,,,,,,,
Spin a Ball of Wool,,,,,,,,,,,
Steal a Chocolate Slice,,Thieving,5,,,,,,,,
Successfully Cook 5 Pieces of Food,,,,,,,,,,,
Superhuman Strength and Improved Reflexes,,Prayer,16,,,,,,,,
Turn a Log Into a Plank,,,,,,,,,,,
Visit Death's Domain,,,,,,,,,,,
Visit the Rune Essence Mine,,,,,,,,,,,
Achieve Your First Level 30,,,,,,,,,,,
Achieve Your First Level 40,,,,,,,,,,,
Achieve Your First Level 50,,,,,,,,,,,
Reach Total Level 750,,,,,,,,,,,
Reach Total Level 1000,,,,,,,,,,,
Reach Total Level 1250,,,,,,,,,,,
Reach Base Level 30,,,,,,,,,,,
Reach Base Level 40,,,,,,,,,,,
Reach Base Level 50,,,,,,,,,,,
Pickpocket a Guard,,Thieving,40,,,,,,,,
Obtain 800 Coins From Coin Pouches At Once,,Thieving,40,,,,,,,,
Pickpocket a Ranarr Seed,,Thieving,38,,,,,,,,
Harvest an Irit Leaf,,Farming,44,,,,,,,,
Fill a Bucket With Supercompost,,,,,,,,,,,
Check a grown Fruit Tree,,Farming,27,,,,,,,,
Chop 100 Willow Logs,,Woodcutting,30,,,,,,,,
Chop Some Logs With a Rune Axe,,Woodcutting,41,,,,,,,,
Build a Waka Canoe,,Woodcutting,57,,,,,,,,
Ferment 100 Jugs of Wine,,Cooking,35,,,,,,,,
Cook 100 Lobsters,,Cooking,40,,,,,,,,
Make a Pineapple Pizza,,Cooking,65,,,,,,,,
Mine 50 Iron Ore,,Mining,15,,,,,,,,
Mine some Ore With a Rune Pickaxe,,Mining,41,,,,,,,,
Obtain a Clue Geode While Mining,,,,,,,,,,,
Fletch a Willow Shortbow,,Fletching,35,,,,,,,,
Create a Mithril Grapple,,Fletching,59,,,,,,,,
Fletch some Broad Arrows or Bolts,,Fletching,52,,,,,,,,
Unlock Bigger and Badder,,,,,,,,,,,
Slay 250 Creatures,,,,,,,,,,,
Defeat a Superior Slayer Creature,,Slayer,5,,,,,,,,
Craft 100 Unpowered Orbs,,Crafting,46,,,,,,,,
Craft an Emerald Ring,,Crafting,27,,,,,,,,
Craft a Ruby Amulet,,Crafting,50,,,,,,,,
Catch 100 Lobsters,,Fishing,40,,,,,,,,
Catch 50 Swordfish,,Fishing,50,,,,,,,,
Catch 50 Salmon,,Fishing,30,,,,,,,,
Smith a Steel Platebody,,Smithing,48,,,,,,,,
Smelt a Steel Bar,,Smithing,30,,,,,,,,
Build a Mahogany Portal,,Construction,65,,,,,,,,
Build an Oak Larder,,Construction,33,,,,,,,,
Fill a Medium S.T.A.S.H. Unit,,Construction,42,,,,,,,,
Craft 200 Essence Into Runes,,,,,,,,,,,
Craft 4 Runes With 1 Essence,,Runecraft,33,,,,,,,,
Craft Any Combination Rune,,Runecraft,6,,,,,,,,
Burn 100 Willow Logs,,Firemaking,30,,,,,,,,
Equip a Harpie Bug Lantern,,Firemaking,33,Slayer,33,,,,,,
Light a Bullseye Lantern,,Firemaking,49,,,,,,,,
Equip full Graahk Larupia or Kyatt,,Hunter,31,,,,,,,,
Catch a Swamp Lizard or Salamander,,Hunter,29,,,,,,,,
Catch a Butterfly,,Hunter,15,,,,,,,,
Complete 50 Laps of a Rooftop Agility Course,,Agility,10,,,,,,,,
Make 30 Prayer Potions,,Herblore,38,,,,,,,,
Clean a Grimy Avantoe,,Herblore,48,,,,,,,,
Make a 4 dose potion,Botanist Relic or skill requirements for Amulet of Chemistry,Crafting,34,Magic,27,,,,,,
Reach Combat Level 50,,,,,,,,,,,
Reach Combat Level 75,,,,,,,,,,,
Perform a Special Attack,,,,,,,,,,,
Equip an Adamant Weapon,,Attack,30,,,,,,,,
Equip a Rune Weapon,,Attack,40,,,,,,,,
Equip a Full Adamant Set,,Defence,30,,,,,,,,
Equip a Full Rune Set,,Defence,40,,,,,,,,
Equip a Full Green Dragonhide Set,,Ranged,40,Defence,40,,,,,,
Equip a Full Blue Dragonhide Set,,Ranged,50,Defence,40,,,,,,
Equip a Full Red Dragonhide Set,,Ranged,60,Defence,40,,,,,,
Equip a Yew Shortbow,,Ranged,60,,,,,,,,
Equip an Elemental Battlestaff or Mystic Staff,,Magic,30,Attack,40,,,,,,
Cast a Blast Spell,,Magic,41,,,,,,,,
Teleport Using Law Runes,,Magic,25,,,,,,,,
Cast High Level Alchemy,,Magic,55,,,,,,,,
Equip a Piece of a Mystic Set,,Magic,40,Defence,20,,,,,,
Use the Protect from Melee Prayer,,Prayer,43,,,,,,,,
Bury Some Wyvern or Dragon Bones,,,,,,,,,,,
Reach a Prayer Bonus of 15,,,,,,,,,,,
Defeat a Lesser Demon,,,,,,,,,,,
Defeat an Adult Chromatic Dragon,,,,,,,,,,,
Complete a Medium Clue Scroll,,,,,,,,,,,
Complete a Hard Clue Scroll,,,,,,,,,,,
Gain a Unique Item From a Medium Clue,,,,,,,,,,,
Gain a Unique Item From a Hard Clue,,,,,,,,,,,
Gain 10 Unique Items From Beginner Clues,,,,,,,,,,,
Gain 10 Unique Items From Easy Clues,,,,,,,,,,,
Gain 10 Unique Items From Medium Clues,,,,,,,,,,,
Gain 5 Unique Items From Hard Clues,,,,,,,,,,,
Fill 5 Beginner Clue Collection Log Slots,,,,,,,,,,,
Fill 5 Easy Clue Collection Log Slots,,,,,,,,,,,
Fill 5 Medium Clue Collection Log Slots,,,,,,,,,,,
Fill 3 Hard Clue Collection Log Slots,,,,,,,,,,,
Fill 3 Elite Clue Collection Log Slots,,,,,,,,,,,
Equip a Trimmed Amulet,,,,,,,,,,,
Complete the Medium Western Provinces Diary,See diary page,,,,,,,,,,
Achieve Your First Level 60,,,,,,,,,,,
Achieve Your First Level 70,,,,,,,,,,,
Achieve Your First Level 80,,,,,,,,,,,
Reach Total Level 1500,,,,,,,,,,,
Reach Total Level 1750,,,,,,,,,,,
Reach Base Level 60,,,,,,,,,,,
Reach Base Level 70,,,,,,,,,,,
Steal From a Gem Stall,,Thieving,75,,,,,,,,
Check a grown Palm Tree,,Farming,68,,,,,,,,
Dig Up Some Magic Roots,,Farming,75,,,,,,,,
Chop 75 Magic Logs,,Woodcutting,75,,,,,,,,
Cook 100 Sharks,,Cooking,80,,,,,,,,
Mine 50 Adamantite Ore,,Mining,70,,,,,,,,
Fletch a Magic Shortbow,,Fletching,80,,,,,,,,
Fletch a Rune Crossbow,,Fletching,91,,,,,,,,
Defeat a Slayer Boss,,Slayer,75,,,,,,,,
Complete 50 Slayer Tasks,,,,,,,,,,,
Complete 100 Slayer Tasks,,,,,,,,,,,
Defeat 10 Superior Slayer Creatures,,Slayer,5,,,,,,,,
Defeat 20 Superior Slayer Creatures,,Slayer,5,,,,,,,,
Craft a Dragonstone Amulet,,Crafting,80,,,,,,,,
Craft 30 Blue Dragonhide Bodies,,Crafting,71,,,,,,,,
Catch 100 Shark,,Fishing,76,,,,,,,,
Smelt a Runite Bar,,Smithing,85,,,,,,,,
Fill a Hard S.T.A.S.H. Unit,,Construction,55,,,,,,,,
Build an Achievement Gallery,,Construction,80,,,,,,,,
Craft 2500 Essence Into Runes,,,,,,,,,,,
Burn 100 Yew Logs,,Firemaking,60,,,,,,,,
Burn Some Magic Logs,,Firemaking,75,,,,,,,,
Catch a Dragon Impling,,Hunter,83,,,,,,,,
Complete 250 Laps of a Rooftop Agility Course,,Agility,10,,,,,,,,
Make a Saradomin Brew,,Herblore,81,,,,,,,,
Clean 100 Grimy Dwarf Weed,,Herblore,70,,,,,,,,
Reach Combat Level 100,,,,,,,,,,,
Reach Combat Level 110,,,,,,,,,,,
Equip a Dragon Weapon,,Attack,60,,,,,,,,
Equip a Full Black Dragonhide Set,,Ranged,70,Defence,40,,,,,,
Equip a Magic Shortbow,,Ranged,50,,,,,,,,
Equip a Rune Crossbow,,Ranged,61,,,,,,,,
Equip a Combination Battlestaff or Mystic Staff,,Magic,30,Attack,30,,,,,,
Cast a Wave Spell,,Magic,62,,,,,,,,
Cast a Surge Spell,,Magic,81,,,,,,,,
Restore 75 Prayer Points at an Altar,,Prayer,75,,,,,,,,
Reach a Prayer Bonus of 30,,,,,,,,,,,
Complete an Elite Clue Scroll,,,,,,,,,,,
Complete a Master Clue Scroll,,,,,,,,,,,
Gain a Unique Item From an Elite Clue,,,,,,,,,,,
Gain a Unique Item From a Master Clue,,,,,,,,,,,
Gain 35 Unique Items From Beginner Clues,,,,,,,,,,,
Gain 35 Unique Items From Easy Clues,,,,,,,,,,,
Gain 25 Unique Items From Medium Clues,,,,,,,,,,,
Gain 20 Unique Items From Hard Clues,,,,,,,,,,,
Gain 10 Unique Items From Elite Clues,,,,,,,,,,,
Gain 10 Unique Items From Master Clues,,,,,,,,,,,
Fill 10 Beginner Clue Collection Log Slots,,,,,,,,,,,
Fill 20 Easy Clue Collection Log Slots,,,,,,,,,,,
Fill 20 Medium Clue Collection Log Slots,,,,,,,,,,,
Fill 15 Hard Clue Collection Log Slots,,,,,,,,,,,
Fill 10 Elite Clue Collection Log Slots,,,,,,,,,,,
Fill 5 Master Clue Collection Log Slots,,,,,,,,,,,
Equip a Full Gilded or Trimmed Wizard Set,,,,,,,,,,,
Equip a Full Gilded Set,,,,,,,,,,,
Equip a Full Vestment Set,,,,,,,,,,,
Equip a Full God Rune Set,,,,,,,,,,,
Equip a Full God Dragonhide Set,,,,,,,,,,,
Equip an Ornament Kit Item,,,,,,,,,,,
Equip Some Ranger Boots,,,,,,,,,,,
Complete the Hard Western Provinces Diary,See diary page,,,,,,,,,,
Achieve Your First Level 90,,,,,,,,,,,
Achieve Your First Level 95,,,,,,,,,,,
Reach Total Level 2000,,,,,,,,,,,
Reach Total Level 2100,,,,,,,,,,,
Reach Total Level 2200,,,,,,,,,,,
Reach Base Level 80,,,,,,,,,,,
Reach Base Level 90,,,,,,,,,,,
Reach Level 99 Attack,,Attack,99,,,,,,,,
Obtain 25 Million Attack XP,,Attack,99,,,,,,,,
Reach Level 99 Strength,,Strength,99,,,,,,,,
Obtain 25 Million Strength XP,,Strength,99,,,,,,,,
Reach Level 99 Defence,,Defence,99,,,,,,,,
Obtain 25 Million Defence XP,,Defence,99,,,,,,,,
Reach Level 99 Ranged,,Ranged,99,,,,,,,,
Obtain 25 Million Ranged XP,,Ranged,99,,,,,,,,
Reach Level 99 Prayer,,Prayer,99,,,,,,,,
Obtain 25 Million Prayer XP,,Prayer,99,,,,,,,,
Reach Level 99 Magic,,Magic,99,,,,,,,,
Obtain 25 Million Magic XP,,Magic,99,,,,,,,,
Reach Level 99 Runecraft,,Runecraft,99,,,,,,,,
Obtain 25 Million Runecraft XP,,Runecraft,99,,,,,,,,
Reach Level 99 Construction,,Construction,99,,,,,,,,
Obtain 25 Million Construction XP,,Construction,99,,,,,,,,
Reach Level 99 Hitpoints,,Hitpoints,99,,,,,,,,
Obtain 25 Million Hitpoints XP,,Hitpoints,99,,,,,,,,
Reach Level 99 Agility,,Agility,99,,,,,,,,
Obtain 25 Million Agility XP,,Agility,99,,,,,,,,
Reach Level 99 Herblore,,Herblore,99,,,,,,,,
Obtain 25 Million Herblore XP,,Herblore,99,,,,,,,,
Reach Level 99 Thieving,,Thieving,99,,,,,,,,
Obtain 25 Million Thieving XP,,Thieving,99,,,,,,,,
Reach Level 99 Crafting,,Crafting,99,,,,,,,,
Obtain 25 Million Crafting XP,,Crafting,99,,,,,,,,
Reach Level 99 Fletching,,Fletching,99,,,,,,,,
Obtain 25 Million Fletching XP,,Fletching,99,,,,,,,,
Reach Level 99 Slayer,,Slayer,99,,,,,,,,
Obtain 25 Million Slayer XP,,Slayer,99,,,,,,,,
Reach Level 99 Hunter,,Hunter,99,,,,,,,,
Obtain 25 Million Hunter XP,,Hunter,99,,,,,,,,
Reach Level 99 Mining,,Mining,99,,,,,,,,
Obtain 25 Million Mining XP,,Mining,99,,,,,,,,
Reach Level 99 Smithing,,Smithing,99,,,,,,,,
Obtain 25 Million Smithing XP,,Smithing,99,,,,,,,,
Reach Level 99 Fishing,,Fishing,99,,,,,,,,
Obtain 25 Million Fishing XP,,Fishing,99,,,,,,,,
Reach Level 99 Cooking,,Cooking,99,,,,,,,,
Obtain 25 Million Cooking XP,,Cooking,99,,,,,,,,
Reach Level 99 Firemaking,,Firemaking,99,,,,,,,,
Obtain 25 Million Firemaking XP,,Firemaking,99,,,,,,,,
Reach Level 99 Woodcutting,,Woodcutting,99,,,,,,,,
Obtain 25 Million Woodcutting XP,,Woodcutting,99,,,,,,,,
Reach Level 99 Farming,,Farming,99,,,,,,,,
Obtain 25 Million Farming XP,,Farming,99,,,,,,,,
Obtain a Skilling Pet,,,,,,,,,,,
Travel Between Your Spirit Trees,,Farming,91,,,,,,,,
Slay an Abyssal Demon,,Slayer,85,,,,,,,,
Complete 200 Slayer Tasks,,,,,,,,,,,
Defeat 50 Superior Slayer Creatures,,Slayer,5,,,,,,,,
Craft an Onyx Amulet,,Crafting,90,,,,,,,,
Smith a Dragonfire Shield,,Smithing,90,,,,,,,,
Catch a Lucky Impling Bare-Handed,,Hunter,99,,,,,,,,
Make a Super Combat Potion,,Herblore,90,,,,,,,,
Obtain a Boss Pet,,,,,,,,,,,
Equip a Full Dragon Set,,Defence,60,,,,,,,,
Reach Combat Level 120,,,,,,,,,,,
Reach Combat Level 126,,,,,,,,,,,
Add a Jar to a Display Case,,,,,,,,,,,
Equip an Abyssal Whip,,Attack,70,,,,,,,,
Gain 50 Unique Items From Hard Clues,,,,,,,,,,,
Gain 25 Unique Items From Elite Clues,,,,,,,,,,,
Gain 25 Unique Items From Master Clues,,,,,,,,,,,
Fill Every Beginner Clue Collection Log Slot,,,,,,,,,,,
Fill 50 Easy Clue Collection Log Slots,,,,,,,,,,,
Fill 40 Medium Clue Collection Log Slots,,,,,,,,,,,
Fill 30 Hard Clue Collection Log Slots,,,,,,,,,,,
Fill 25 Elite Clue Collection Log Slots,,,,,,,,,,,
Fill 25 Master Clue Collection Log Slots,,,,,,,,,,,
Use the Explore Emote,,,,,,,,,,,
Read a Clueless Scroll,,,,,,,,,,,
Equip a Heavy Casket,,,,,,,,,,,
Equip a Scroll Sack,,,,,,,,,,,
Transform into Uri,,,,,,,,,,,
Complete the Elite Western Provinces Diary,See diary page,,,,,,,,,,
Reach Total Level 2277,,,,,,,,,,,
Reach Base Level 95,,,,,,,,,,,
Use the Range in Lumbridge Castle,,,,,,,,,,,
Pickpocket a H.A.M. Member,,Thieving,15,,,,,,,,
Steal From the Varrock Tea Stall,,Thieving,5,,,,,,,,
Complete the Draynor Agility Course,,Agility,10,,,,,,,,
Craft 50 Water Runes,,Runecraft,5,,,,,,,,
Complete the Easy Varrock Diary,See diary page,,,,,,,,,,
Defeat the Lesser Demon in the Wizards' Tower,,,,,,,,,,,
Receive a Slayer Task From Vannaka,,,,,,,,,,,
Complete the Easy Lumbridge & Draynor Diary,See diary page,,,,,,,,,,
Complete Rune Mysteries,,,,,,,,,,,
Enter Zanaris,,,,,,,,,,,
Travel to Fossil Island,,,,,,,,,,,
Pet a Stray Dog in Varrock,,,,,,,,,,,
Complete Sheep Shearer,,,,,,,,,,,
Complete Gertrude's Cat,,,,,,,,,,,
Complete Romeo & Juliet,,,,,,,,,,,
Drink From the Tears of Guthix,,,,,,,,,,,
Complete Vampyre Slayer,,,,,,,,,,,
Fully Unlock the Mycelium Transportation System,,,,,,,,,,,
Build a Bank on Fossil Island,,Construction,21,,,,,,,,
Use a Fairy Ring,,,,,,,,,,,
Complete the Natural History Quiz,,,,,,,,,,,
Enter Draynor Manor,,,,,,,,,,,
Equip Some Fancy Boots or Fighting Boots,,,,,,,,,,,
Dismantle 20 Filled Bird Houses,,Hunter,5,Crafting,5,,,,,,
Build a Yew Bird House,,Hunter,59,Crafting,60,,,,,,
Catch 50 Implings in Puro-Puro,,Hunter,17,,,,,,,,
Complete a Volcanic Mine Game,,Mining,50,,,,,,,,
Enter the Cooks' Guild,,Cooking,32,,,,,,,,
Pickpocket a Varrock Guard,,Thieving,40,,,,,,,,
Pickpocket a Bullseye Lantern From a Cave Goblin,,Thieving,36,,,,,,,,
Complete 30 Laps of the Draynor Agility Course,,Agility,10,,,,,,,,
Craft 50 Cosmic Runes,,Runecraft,59,,,,,,,,
Use Enriched Bones on the Strange Machine,,,,,,,,,,,
Chop a Sulliuscep Cap,,Woodcutting,65,,,,,,,,
Complete the Medium Varrock Diary,See diary page,,,,,,,,,,
Defeat a Fossil Island Wyvern,,Slayer,66,,,,,,,,
Defeat Obor,,,,,,,,,,,
Defeat a Wall Beast,,Slayer,35,,,,,,,,
Defeat Bryophyta,,,,,,,,,,,
Equip a Dorgeshuun Crossbow,,Ranged,28,,,,,,,,
Complete the Medium Lumbridge & Draynor Diary,See diary page,,,,,,,,,,
Equip Some Mithril Gloves,,,,,,,,,,,
Complete The Lost Tribe,,,,,,,,,,,
Complete Death to the Dorgeshuun,,,,,,,,,,,
Complete Demon Slayer,,,,,,,,,,,
Use a Digsite Pendant to Teleport to Fossil Island,,Crafting,40,Magic,49,,,,,,
Complete a Soul's Bane,,,,,,,,,,,
Build a Magic Bird House,,Hunter,74,Crafting,75,,,,,,
Complete the Hard Varrock Diary,See diary page,,,,,,,,,,
Catch 200 Implings in Puro-Puro,,Hunter,17,,,,,,,,
Buy an Ash Covered Tome,,Mining,50,,,,,,,,
Check a grown Magic Tree in Lumbridge,,Farming,75,,,,,,,,
Check a grown Mahogany Tree,,Farming,55,,,,,,,,
Steal a Diamond in Dorgesh-Kaan,,Thieving,78,,,,,,,,
Take the Advanced Shortcut to the Cosmic Altar,,Agility,66,,,,,,,,
Defeat a Rune Dragon,,,,,,,,,,,
Equip a Hill Giant Club,,Attack,40,,,,,,,,
Equip Bryophyta's Staff,,Attack,30,Magic,30,,,,,,
Defeat the Abyssal Sire,,Slayer,85,,,,,,,,
Defeat an Ancient Wyvern,,Slayer,82,,,,,,,,
Complete the Hard Lumbridge & Draynor Diary,See diary page,,,,,,,,,,
Catch a Herbiboar 100 Times,,Hunter,80,,,,,,,,
Catch a Herbiboar 250 Times,,Hunter,80,,,,,,,,
Catch a Herbiboar 500 Times,,Hunter,80,,,,,,,,
Receive a Torstol From a Herbiboar,,Hunter,80,Herblore,77,,,,,,
Complete the Elite Varrock Diary,See diary page,,,,,,,,,,
Mine a Runite Ore Fragment,,Mining,85,,,,,,,,
Equip a Dragon Crossbow,,Fletching,78,,,,,,,,
Equip a Dragonfire Shield,,Smithing,90,Defence,75,,,,,,
Equip an Ancient Wyvern Shield,,Smithing,66,Defence,75,Magic,70,,,,
Equip an Abyssal Bludgeon,,Slayer,85,,,,,,,,
Equip an Abyssal Dagger,,Slayer,85,,,,,,,,
Offer an Unsired to the Font of Consumption,,Slayer,85,,,,,,,,
Defeat the Abyssal Sire 100 Times,,Slayer,85,,,,,,,,
Defeat the Abyssal Sire 250 Times,,Slayer,85,,,,,,,,
Defeat the Abyssal Sire 500 Times,,Slayer,85,,,,,,,,
Complete the Elite Lumbridge & Draynor Diary,See diary page,,,,,,,,,,
Equip a Dragon Platebody or Dragon Kiteshield,,Smithing,90,Defence,75,,,,,,
Receive an Agility Arena Ticket,,,,,,,,,,,
Catch a Karambwanji,,Fishing,5,,,,,,,,
Defeat a TzHaar,,,,,,,,,,,
Receive a Slayer Task From Duradel,,Combat,100,Slayer,50,,,,,,
Defeat a Greater Demon on Karamja,,,,,,,,,,,
Complete the Easy Karamja Diary,See diary page,,,,,,,,,,
Fill a Crate With Bananas,,,,,,,,,,,
Pick a Pineapple on Karamja,,,,,,,,,,,
Enter the Brimhaven Dungeon,,,,,,,,,,,
Buy a Snapdragon From Pirate Jackie the Fruit,,,,,,,,,,,
Catch a Salmon on Karamja,,Fishing,30,,,,,,,,
Craft 50 Nature Runes,,Runecraft,44,,,,,,,,
Defeat a Steel Dragon on Karamja,,,,,,,,,,,
Complete the Medium Karamja Diary,See diary page,,,,,,,,,,
Enter the Tai Bwo Wannai Hardwood Grove,,,,,,,,,,,
Equip a Matching Tribal Mask and Broodoo Shield,,,,,,,,,,,
Equip a Full Tai Bwo Wannai Villager Set,,,,,,,,,,,
Cook 100 Karambwans,,Cooking,30,,,,,,,,
Take a Shortcut Across the Shilo Village River,,Agility,77,,,,,,,,
Catch 100 Karambwans,,Fishing,65,,,,,,,,
Check a grown Calquat Tree,,Farming,72,,,,,,,,
Equip a Full Obsidian Armour Set,,Defence,70,,,,,,,,
Survive a Hit From TzTok-Jad Without Prayer,,,,,,,,,,,
Equip Some Dragon Platelegs or a Dragon Plateskirt,,Defence,60,,,,,,,,
Equip an Obsidian Cape,,,,,,,,,,,
Equip a Toktz-Ket-Xil,,Defence,60,,,,,,,,
Equip a Tzhaar-Ket-Om,,Strength,60,,,,,,,,
Equip a Toktz-Xil-Ak,,Attack,60,,,,,,,,
Equip a Toktz-Xil-Ek,,Attack,60,,,,,,,,
Complete the Hard Karamja Diary,See diary page,,,,,,,,,,
Equip a Red Topaz Machete,,,,,,,,,,,
Find a Gout Tuber,,,,,,,,,,,
Receive 60 Agility Arena Tickets With No Mistakes,,Agility,40,,,,,,,,
Pickpocket a Diamond From a TzHaar,,Thieving,90,,,,,,,,
Equip a Fire Cape,,,,,,,,,,,
Complete the Fight Caves in 35:00,,,,,,,,,,,
Sacrifice a Fire Cape to Access the Inferno,,,,,,,,,,,
Complete the Fight Caves 5 Times,,,,,,,,,,,
Complete the Fight Caves 15 Times,,,,,,,,,,,
Complete the Fight Caves 30 Times,,,,,,,,,,,
Complete the Inferno 5 Times,,,,,,,,,,,
Complete the Inferno 10 Times,,,,,,,,,,,
Complete the Inferno 20 Times,,,,,,,,,,,
Complete the Elite Karamja Diary,See diary page,,,,,,,,,,
Purchase an Onyx in Mor Ul Rek,,,,,,,,,,,
Trade 1000 Agility Arena Tickets for XP,,,,,,,,,,,
Equip an Infernal Cape,,,,,,,,,,,
Complete the Fight Caves in 25:00,,,,,,,,,,,
Complete the Inferno in 75:00,,,,,,,,,,,
Craft an Air Rune,,Runecraft,1,,,,,,,,
Move Your House to Taverley,,Construction,10,,,,,,,,
Receive a Slayer Task From Turael or Spria,,Slayer,1,,,,,,,,
Defeat a Troll in Asgarnia,,,,,,,,,,,
Defeat a Blue Dragon in Asgarnia,,,,,,,,,,,
Defeat a Black Demon in Asgarnia,,,,,,,,,,,
Complete the Easy Falador Diary,See diary page,,,,,,,,,,
Unlock a Gate in Taverley Dungeon,,,,,,,,,,,
Enter the Taverly Dungeon,,,,,,,,,,,
Complete a Game of Novice Pest Control,,Combat,40,,,,,,,,
Complete the Falador Agility Course,,Agility,50,,,,,,,,
Obtain 20 Golden Nuggets,,Mining,30,,,,,,,,
Enter the Crafting Guild,,Crafting,40,,,,,,,,
Craft a Body Rune,,Runecraft,20,,,,,,,,
Harvest Any Herb at the Troll Stronghold,,Farming,1,,,,,,,,
Defeat the Giant Mole,,,,,,,,,,,
Defeat a Skeletal Wyvern,,Slayer,72,,,,,,,,
Equip Some Granite Legs,,Slayer,72,,,,,,,,
Charge an Amulet of Glory in the Heroes' Guild,See quest page,,,,,,,,,,
Defeat 30 Black Dragons in Asgarnia,,,,,,,,,,,
Complete the Medium Falador Diary,See diary page,,,,,,,,,,
Enter the Warriors' Guild,Combination of Attack and Strength >= 130,,,,,,,,,,
Complete A Porcine of Interest,See quest page,,,,,,,,,,
Defeat Some Animated Rune Armour,,,,,,,,,,,
Open the Crystal Chest,,,,,,,,,,,
Complete a Game of Intermediate Pest Control,,Combat,70,,,,,,,,
Equip a Full Graceful Outfit,,,,,,,,,,,
Equip a Full Rogue Outfit,,Thieving,50,Agility,50,,,,,,
Equip a Full Prospector Outfit,,Mining,30,,,,,,,,
Craft 50 Law Runes,,Runecraft,54,,,,,,,,
Make 20 Ranging Potions,,Herblore,72,,,,,,,,
Make 20 Stamina Potions,,Herblore,77,,,,,,,,
Equip a Dragon Defender,,,,,,,,,,,
Defeat K'ril Tsutsaroth,,Hitpoints,70,,,,,,,,
Defeat General Graardor,,Strength,70,,,,,,,,
Defeat Kree'arra,,Ranged,70,,,,,,,,
Defeat Commander Zilyana,,Agility,70,,,,,,,,
Equip a Pair of Dragon Boots,,Slayer,83,,,,,,,,
Complete the Hard Falador Diary,See diary page,,,,,,,,,,
Equip a Full Void Knight Set,,,,,,,,,,,
Turn in 100 Mole Claws to Wyson the Gardener,,,,,,,,,,,
Keep the Veteran Void Knight Above 150 Hitpoints,,Combat,100,,,,,,,,
Complete a Game of Veteran Pest Control,,Combat,100,,,,,,,,
Equip an Infernal Tool,,,,,,,,,,,
Equip a Staff of the Dead,,Attack,75,Magic,75,,,,,,
Equip a Zamorakian Spear,,Attack,70,,,,,,,,
Equip a Piece of the Armadyl Armour Set,,Ranged,70,Defence,70,,,,,,
Equip a Saradomin Sword,,Attack,70,,,,,,,,
Equip a Piece of the Bandos Armour Set,,Defence,65,,,,,,,,
Equip an Armadyl Crossbow,,Ranged,70,,,,,,,,
Equip Some Primordial Pegasian or Eternal Boots,,Defence,75,,,,,,,,
Equip a Godsword,,Attack,75,,,,,,,,
Defeat Cerberus,,Slayer,91,,,,,,,,
Defeat Any God Wars Dungeon Boss 100 Times,,,,,,,,,,,
Defeat Any God Wars Dungeon Boss 250 Times,,,,,,,,,,,
Defeat Any God Wars Dungeon Boss 500 Times,,,,,,,,,,,
Defeat the Giant Mole 250 Times,,,,,,,,,,,
Defeat the Giant Mole 500 Times,,,,,,,,,,,
Defeat the Giant Mole 750 Times,,,,,,,,,,,
Complete the Elite Falador Diary,See diary page,,,,,,,,,,
Defeat Cerberus Before She Summons Souls,,Slayer,91,,,,,,,,
Equip Every Godsword,,Attack,75,,,,,,,,
Equip a Full Armadyl Armour Set,,Ranged,70,Defence,70,,,,,,
Equip a Full Bandos Armour Set,,Defence,65,,,,,,,,
Equip Some Primordial Pegasian and Eternal Boots,,Defence,75,Strength,75,Magic,75,Ranged,75,,
Switch to the Lunar Spellbook,,,,,,,,,,,
Defeat a Rock Crab in the Fremennik Province,,,,,,,,,,,
Defeat a Cockatrice in the Fremennik Province,,Slayer,25,,,,,,,,
Defeat a Pyrefiend in the Fremennik Province,,Slayer,30,,,,,,,,
Defeat a Troll in the Fremennik Province,,,,,,,,,,,
Complete the Easy Fremennik Diary,See diary page,,,,,,,,,,
Deposit an Item Using Peer the Seer,,,,,,,,,,,
Use the Bank on Jatizso,,,,,,,,,,,
Use the Bank on Neitiznot,,,,,,,,,,,
Use the Bank on Lunar Isle,,,,,,,,,,,
Cast Moonclan Teleport,,Magic,69,,,,,,,,
Move Your House to Rellekka,,Construction,30,,,,,,,,
Craft 50 Astral Runes,,Runecraft,40,,,,,,,,
Complete the Penguin Agility Course,,Agility,30,,,,,,,,
Catch a Snowy Knight,,Hunter,35,,,,,,,,
Unlock Free Use of the Blast Furnace,,Smithing,60,,,,,,,,
Use Some Icy Basalt to Teleport to Weiss,,,,,,,,,,,
Defeat a Basilisk Knight,,Slayer,60,,,,,,,,
Defeat a Kurask in the Fremennik Province,,Slayer,70,,,,,,,,
Equip a Granite Shield,,Defence,50,Strength,50,,,,,,
Equip a Brine Sabre,,Attack,40,,,,,,,,
Defeat a Dagannoth in the Fremennik Province,,,,,,,,,,,
Equip a Helm of Neitiznot,,,,,,,,,,,
Defeat a Turoth in the Fremennik Province,,Slayer,55,,,,,,,,
Defeat a Jelly in the Fremennik Province,,Slayer,52,,,,,,,,
Equip a Leaf-Bladed Sword,,Attack,50,Slayer,55,,,,,,
Complete the Medium Fremennik Diary,See diary page,,,,,,,,,,
Complete Throne of Miscellania,See quest page,,,,,,,,,,
Complete Royal Trouble,See quest page,,,,,,,,,,
Complete Olaf's Quest,See quest page,,,,,,,,,,
Cast Fertile Soil,,Magic,83,,,,,,,,
Build a Gilded Altar,,Construction,75,,,,,,,,
Complete the Rellekka Agility Course,,Agility,80,,,,,,,,
Harvest a Snapdragon in Weiss,,Farming,62,,,,,,,,
Trap a Sabre-Toothed Kyatt,,Hunter,55,,,,,,,,
Use Your Portal Nexus to Teleport to Weiss,,Construction,72,,,,,,,,
Defeat Vorkath,,,,,,,,,,,
Equip an Ava's Assembler,,,,,,,,,,,
Defeat Vorkath in 2:00,,,,,,,,,,,
Defeat the Dagannoth Kings Without Leaving,,,,,,,,,,,
Equip a Berserker Ring,,,,,,,,,,,
Equip a Warrior Ring,,,,,,,,,,,
Equip a Seers Ring,,,,,,,,,,,
Equip an Archers Ring,,,,,,,,,,,
Use the Special Attack of a Dragon Axe,,Attack,60,,,,,,,,
Equip a Mud Battlestaff,,Magic,30,Attack,30,,,,,,
Equip a Seercull,,Ranged,50,,,,,,,,
Equip a Leaf-Bladed Battleaxe,,Attack,65,Slayer,55,,,,,,
Equip a Full Skeletal Armour Set,,Magic,40,Defence,40,,,,,,
Equip a Full Spined Armour Set,,Ranged,40,Defence,40,,,,,,
Equip a Full Rockshell Armour Set,,Defence,40,,,,,,,,
Complete the Hard Fremennik Diary,See diary page,,,,,,,,,,
Collect Miscellania Resources at Full Approval,,,,,,,,,,,
Cast Spellbook Swap,,Magic,96,,,,,,,,
Build a Gilded Portal Nexus,,Construction,82,,,,,,,,
Equip a Dragonfire Ward,,Ranged,75,Defence,70,,,,,,
Create a Catherby Teleport Tablet,,Magic,,,,,,,,,
Equip a Dragonbone Necklace,,Prayer,80,,,,,,,,
Defeat Vorkath in 1:00,,,,,,,,,,,
Equip Every Dagannoth King Ring,,,,,,,,,,,
Equip a Neitiznot Faceguard,,Defence,70,,,,,,,,
Defeat Vorkath 5 Times Without Special Damage,,,,,,,,,,,
Defeat Vorkath 15 Times Without Leaving,,,,,,,,,,,
Defeat Vorkath 250 Times,,,,,,,,,,,
Defeat Vorkath 500 Times,,,,,,,,,,,
Defeat Vorkath 750 Times,,,,,,,,,,,
Defeat Each Dagannoth King 300 Times,,,,,,,,,,,
Defeat Each Dagannoth King 650 Times,,,,,,,,,,,
Defeat Each Dagannoth King 1000 Times,,,,,,,,,,,
Complete the Elite Fremennik Diary,See diary page,,,,,,,,,,
Equip a Completed God Book,,,,,,,,,,,
Build a Demonic Throne,,Construction,99,,,,,,,,
Equip Every Draconic Shield,,,,,,,,,,,
Defeat Vorkath in 0:45,,,,,,,,,,,
Equip Every Completed God Book,,,,,,,,,,,
Complete the Gnome Stronghold Agility Course,,Agility,1,,,,,,,,
Catch a Crimson Swift in the Feldip Hills,,Hunter,1,,,,,,,,
Complete a Fishing Trawler Game,,,,,,,,,,,
Receive a Slayer Task From Steve,,Combat,85,,,,,,,,
Defeat a Tortoise With Riders in Kandarin,,,,,,,,,,,
Visit the Tree Gnome Village,,,,,,,,,,,
Visit the Tree Gnome Stronghold,,,,,,,,,,,
Complete Monk's Friend,See quest page,,,,,,,,,,
Complete Tower of Life,See quest page,,,,,,,,,,
Complete Sea Slug,See quest page,,,,,,,,,,
Brimstail Rune Essence Mine teleport,,,,,,,,,,,
Equip a Marksman Chompy Hat,,,,,,,,,,,
Equip a Monkey Backpack,,,,,,,,,,,
Complete the Easy Ardougne Diary,See diary page,,,,,,,,,,
Complete the Easy Kandarin Diary,See diary page,,,,,,,,,,
Fletch 50 Maple Longbow (u) in Kandarin,,Fletching,55,,,,,,,,
Pickpocket a Knight of Ardougne 50 Times,,Thieving,55,,,,,,,,
Complete the Barbarian Outpost Agility Course,,Agility,35,,,,,,,,
Trap a Spined Larupia in the Feldip Hills,,Hunter,31,,,,,,,,
Equip a Spottier Cape,,Hunter,66,,,,,,,,
Catch a Red Salamander,,Hunter,59,,,,,,,,
Enter the Fishing Guild,,Fishing,68,,,,,,,,
Move Your House to Yanille,,Construction,50,,,,,,,,
Check a grown Papaya Tree in the Gnome Stronghold,,Farming,57,,,,,,,,
Defeat a Mithril Dragon,,,,,,,,,,,
Equip a Dragon Scimitar,,Attack,60,,,,,,,,
Set Up a Dwarf Cannon,,,,,,,,,,,
Enter the Ranging Guild,,Ranged,40,,,,,,,,
Enter the Wizards' Guild,,Magic,66,,,,,,,,
Defeat a Bloodveld in Kandarin,,Slayer,50,,,,,,,,
Defeat a Fire Giant in Kandarin,,,,,,,,,,
Use the Chivalry Prayer,,Prayer,60,Defence,65,,,,,,
Equip an Iban's Staff (u),,Magic,50,Attack,50,,,,,,
Win a Game of Castle Wars,,,,,,,,,,,
Complete Elemental Workshop II,See quest page,,,,,,,,,,
Complete the Observatory Quest,See quest page,,,,,,,,,,
Defeat the Penance Queen,,,,,,,,,,,
Complete the Medium Ardougne Diary,See diary page,,,,,,,,,,
Equip an Ogre Forester Chompy Hat,,Ranged,30,Fletching,5,,,,,,
Equip a Karamja Monkey Backpack,,Agility,48,,,,,,,,
Complete the Medium Kandarin Diary,See diary page,,,,,,,,,,
Pickpocket a Hero,,Thieving,80,,,,,,,,
Complete the Seers' Village Agility Course,,Agility,60,,,,,,,,
Catch 50 Red Chinchompas in Kandarin,,Hunter,63,,,,,,,,
Catch a Monkfish,,Fishing,62,,,,,,,,
Equip a Full Angler's Outfit,,,,,,,,,,,
Defeat a Demonic Gorilla,,,,,,,,,,,
Equip a Fighter Torso,,,,,,,,,,,
Defeat a Cave Kraken,,Slayer,87,Magic,50,,,,,,
Equip a Trident of the Seas,,Magic,75,,,,,,,,
Use the Piety Prayer,,Prayer,70,Defence,70,,,,,,
Enter the Myths' Guild,,,,,,,,,,,
Complete the Hard Ardougne Diary,See diary page,,,,,,,,,,
Reach Level 5 in Any Barbarian Assault Role,,,,,,,,,,,
Equip an Ogre Expert Chompy Hat,,Ranged,30,Fletching,5,,,,,,
Equip a Maniacal Monkey Backpack,,Agility,48,,,,,,,,
Complete the Hard Kandarin Diary,See diary page,,,,,,,,,,
Complete the Ardougne Agility Course,,Agility,90,,,,,,,,
Check a grown Dragonfruit Tree in Catherby,,Farming,81,,,,,,,,
Defeat a Smoke Devil,,Slayer,93,,,,,,,,
Equip Some Zenyte Jewelry,,,,,,,,,,,
Equip a Heavy Ballista,,Ranged,75,,,,,,,,
Equip an Abyssal Tentacle,,Attack,75,,,,,,,,
Defeat the Thermonuclear Smoke Devil,,Slayer,93,,,,,,,,
Equip an Occult Necklace,,Magic,70,,,,,,,,
Equip a Dragon Full Helm,,,,,,,,,,,
Defeat the Kraken Boss 250 Times,,,,,,,,,,,
Defeat the Kraken Boss 500 Times,,,,,,,,,,,
Defeat the Kraken Boss 750 Times,,,,,,,,,,,
Defeat 300 Demonic Gorillas,,,,,,,,,,,
Defeat 750 Demonic Gorillas,,,,,,,,,,,
Defeat 1500 Demonic Gorillas,,,,,,,,,,,
Reach Level 5 in Every Barbarian Assault Role,,,,,,,,,,,
Equip a Dragon Archer Chompy Hat,,Ranged,30,Fletching,5,,,,,,
Equip a Kruk Jr. Monkey Backpack,,Agility,48,,,,,,,,
Complete the Elite Kandarin Diary,See diary page,,,,,,,,,,
Complete the Elite Ardougne Diary,See diary page,,,,,,,,,,
Equip All Zenyte Jewelry,,,,,,,,,,,
Enhance a Trident of the Seas,,,,,,,,,,,
Equip an Expert Dragon Archer Chompy Hat,,,,,,,,,,,
Equip a Prince Awowogei Monkey Back,,Agility,48,,,,,,,,
Complete Room 1 of Pyramid Plunder,,Thieving,21,,,,,,,,
Complete Room 2 of Pyramid Plunder,,Thieving,31,,,,,,,,
Pick a Winter Sq'irk,,,,,,,,,,,
Turn in a Winter Sq'irkjuice to Osman,,,,,,,,,,,
Complete the Al Kharid Agility Course,,Agility,20,,,,,,,,
Craft a Fire Rune,,Runecraft,14,,,,,,,,
Defeat an Al Kharid Warrior,,,,,,,,,,,
Complete the Easy Desert Diary,See diary page,,,,,,,,,,
Go Through the Al Kharid Gate,,,,,,,,,,,
Tan a Cow Hide in the Kharidian Desert,,,,,,,,,,,
Use the Bank in Nardah,,,,,,,,,,,
Cut a Cactus in the Kharidian Desert,,,,,,,,,,,
Take a Carpet Ride from Pollnivneach to Sophanem,,,,,,,,,,,
Enter the Kalphite Lair,,,,,,,,,,,
Complete The Golem,,,,,,,,,,,
Complete Room 3 of Pyramid Plunder,,Thieving,41,,,,,,,,
Complete Room 4 of Pyramid Plunder,,Thieving,51,,,,,,,,
Complete Room 5 of Pyramid Plunder,,Thieving,61,,,,,,,,
Pick a Spring Sq'irk,,Thieving,25,,,,,,,,
Pick a Autumn Sq'irk,,Thieving,45,,,,,,,,
Turn in 10 Spring Sq'irkjuices to Osman,,Thieving,25,,,,,,,,
Pickpocket a Bandit in the Bandit Camp,,Thieving,45,,,,,,,,
Smith 1000 Mithril Dart Tips,,Smithing,54,,,,,,,,
Make a Combat Potion,,Herblore,36,,,,,,,,
Defeat a Crocodile,,,,,,,,,,,
Turn in a Pyramid Top to Simon Templeton,,Agility,30,,,,,,,,
Craft a Lava Rune at the Fire Altar,,Runecraft,23,,,,,,,,
Catch 30 Orange Salamanders,,Hunter,47,,,,,,,,
Mine 30 Chunks of Granite,,Mining,45,,,,,,,,
Defeat a Scarab Mage,,,,,,,,,,,
Defeat a Kalphite Guardian,,,,,,,,,,,
Move Your House to Pollnivneach,,Construction,20,,,,,,,,
Cast Ice Rush,,Magic,58,,,,,,,,
Complete the Medium Desert Diary,See diary page,,,,,,,,,,
Cast Bones to Peaches,,Magic,60,,,,,,,,
Complete Spirits of the Elid,,,,,,,,,,,
Pray at the Elidinis Statuette,,,,,,,,,,,
Enter Sophanem,,,,,,,,,,,
Complete Shadow of the Storm,,,,,,,,,,,
Complete Room 6 of Pyramid Plunder,,Thieving,71,,,,,,,,
Complete Room 7 of Pyramid Plunder,,Thieving,81,,,,,,,,
Pick a Summer Sq'irk,,Thieving,65,,,,,,,,
Turn in 25 Autumn Sq'irkjuices to Osman,,Thieving,45,,,,,,,,
Pickpocket a Menaphite Thug 50 Times,,Thieving,65,,,,,,,,
Make 20 Magic Potions,,Herblore,76,,,,,,,,
Smith 1000 Adamant Dart Tips,,Smithing,74,,,,,,,,
Check a grown Cactus,,Farming,55,,,,,,,,
Check a grown Potato Cactus,,Farming,64,,,,,,,,
Defeat a Dust Devil in the Kharidian Desert,,Slayer,65,,,,,,,,
Cast Ice Burst,,Magic,70,,,,,,,,
Cast Ice Blitz,,Magic,82,,,,,,,,
Cast Smoke Barrage,,Magic,86,,,,,,,,
Cast Shadow Barrage,,Magic,88,,,,,,,,
Equip a Dragon 2H Sword,,,,,,,,,,,
Complete the Hard Desert Diary,See diary page,,,,,,,,,,
Equip a Piece of the Infinity Robe Set,,Magic,50,Defence,25,,,,,,
Complete Enakhra's Lament,,,,,,,,,,,
Cast Paddewwa Teleport,,Magic,54,,,,,,,,
Have Zahur Make 1000 Unfinished Potions At Once,,,,,,,,,,,
Complete Room 8 of Pyramid Plunder,,Thieving,91,,,,,,,,
Complete Room 8 of Pyramid Plunder 50 Times,,Thieving,91,,,,,,,,
Complete Room 8 of Pyramid Plunder 100 Times,,Thieving,91,,,,,,,,
Complete Room 8 of Pyramid Plunder 250 Times,,Thieving,91,,,,,,,,
Turn in 100 Summer Sq'irkjuices to Osman,,Thieving,65,,,,,,,,
Smith 1000 Rune Dart Tips,,Smithing,89,,,,,,,,
Defeat the Kalphite Queen,,,,,,,,,,,
Equip a Dragon Chainbody in the Kharidian Desert,,,,,,,,,,,
Cast Blood Barrage,,Magic,92,,,,,,,,
Cast Ice Barrage,,Magic,94,,,,,,,,
Defeat the Kalphite Queen 100 Times,,,,,,,,,,,
Defeat the Kalphite Queen 250 Times,,,,,,,,,,,
Defeat the Kalphite Queen 500 Times,,,,,,,,,,,
Complete the Elite Desert Diary,See diary page,,,,,,,,,,
Equip a Full Infinity Robe Set,,Magic,50,Defence,25,,,,,,
Equip a Master Wand,,Magic,60,,,,,,,,
Craft a Ghorrock Teleport Tablet,,Magic,96,,,,,,,,
Equip a Mage's Book,,Magic,60,,,,,,,,
Craft a Snelm,,Crafting,15,,,,,,,,
Receive a Slayer Task From Mazchna,,,,,,,,,,,
Defeat a Werewolf in Morytania,,,,,,,,,,,
Defeat One of Fenkenstrain's Experiments,,,,,,,,,,,
Defeat a Ghast,,,,,,,,,,,
Complete the Easy Morytania Diary,See diary page,,,,,,,,,,
Complete an Easy Temple Trek,,,,,,,,,,,
Visit Port Phasmatys,,,,,,,,,,,
Pet Frank,,,,,,,,,,,
Obtain a Rune Crossbow From a Lucky Impling,,Hunter,89,,,,,,,,
Visit Harmony Island,,,,,,,,,,,
Visit Mos Le'Harmless,,,,,,,,,,,
Complete Floor 1 of the Hallowed Sepulchre,,Agility,52,,,,,,,,
Complete Floor 2 of the Hallowed Sepulchre,,Agility,62,,,,,,,,
Complete the Canifis Agility Course,,Agility,40,,,,,,,,
Complete the Werewolf Agility Course,,Agility,60,,,,,,,,
Catch a Swamp Lizard in Morytania,,Hunter,29,,,,,,,,
Convert 2000 Daeyalt Shards Into Essence,,Mining,60,,,,,,,,
Craft a Rune Using Daeyalt Essence,,Mining,60,,,,,,,,
Assemble a Slayer Helm,,Crafting,55,,,,,,,,
Loot a Barrows Chest,,,,,,,,,,,
Defeat a Fiyr Shade,Firemaking 65 if killing the shade in Temple Trekking doesn't count,,,,,,,,,,
Defeat a Vyrewatch Sentinel,,,,,,,,,,,
Equip a Piece of any Barrows Armour Set,,,,,,,,,,,
Complete the Medium Morytania Diary,See diary page,,,,,,,,,,
Complete a Medium Temple Trek,,,,,,,,,,,
Complete Haunted Mine,,,,,,,,,,,
Complete A Taste of Hope,,,,,,,,,,,
Achieve 100% Shades of Mort'Ton Sanctity,,,,,,,,,,,
Equip a Salve Amulet (e),,,,,,,,,,,
Complete Floor 3 of the Hallowed Sepulchre,,Agility,72,,,,,,,,
Complete Floor 4 of the Hallowed Sepulchre,,Agility,82,,,,,,,,
Complete the Hallowed Sepulchre in 8:00,,Agility,92,,,,,,,,
Purchase a Reward From the Hallowed Sepulchre,,Agility,52,,,,,,,,
Obtain Every Hallowed Tool,,Agility,52,,,,,,,,
Pickpocket a Vyre 50 Times,,Thieving,82,,,,,,,,
Defeat a Gargoyle in Morytania,,Slayer,75,,,,,,,,
Defeat an Abyssal Demon in Morytania,,Slayer,85,,,,,,,,
Defeat the Grotesque Guardians 100 Times,,Slayer,75,,,,,,,,
Equip any Full Barrows Armour Set,,,,,,,,,,,
Equip a Granite Hammer or Granite Ring,,Slayer,75,,,,,,,,
Defeat the Grotesque Guardians,,Slayer,75,,,,,,,,
Complete the Hard Morytania Diary,See diary page,,,,,,,,,,
Complete a Hard Temple Trek,,,,,,,,,,,
Complete Sins of the Father,,,,,,,,,,,
Complete Floor 5 of the Hallowed Sepulchre,,Agility,92,,,,,,,,
Complete the Hallowed Sepulchre in 6:30,,Agility,92,,,,,,,,
Equip a Ring of Endurance,,Agility,92,,,,,,,,
Defeat The Nightmare,,,,,,,,,,,
Complete the Theatre of Blood With No Deaths,,,,,,,,,,,
Equip Some Guardian Boots,,Defence,75,,,,,,,,
Equip Every Barrows Armour Set,,Defence,70,Magic,70,Ranged,70,Attack,70,Strength,70
Equip an Inquisitor's Mace,,Attack,75,,,,,,,,
Equip a Piece of the Inquisitor's Set,,Defence,30,Strength,70,,,,,,
Equip a Nightmare Staff,,Magic,65,Hitpoints,50,,,,,,
Create an Amulet of Blood Fury,,Crafting,90,Magic,87,,,,,,
Equip an Avernic Defender,,Defence,70,Attack,70,,,,,,
Equip a Sanguinesti Staff,,Magic,75,,,,,,,,
Equip a Scythe of Vitur,,Attack,75,Strength,75,,,,,,
Equip a Piece of the Justiciar Set,,Defence,75,,,,,,,,
Equip a Ghrazi Rapier,,Attack,75,,,,,,,,
Complete the Theatre of Blood in 20:00,,,,,,,,,,,
Defeat The Nightmare in 3:00,,,,,,,,,,,
Complete the Theatre of Blood 100 Times,,,,,,,,,,,
Complete the Theatre of Blood 200 Times,,,,,,,,,,,
Complete the Theatre of Blood 350 Times,,,,,,,,,,,
Complete the Theatre of Blood 500 Times,,,,,,,,,,,
Defeat the Grotesque Guardians 250 Times,,Slayer,75,,,,,,,,
Complete the Elite Morytania Diary,See diary page,,,,,,,,,,
Equip a Full Inquisitor's Set,,Defence,30,Strength,70,,,,,,
Equip a Nightmare Staff With an Orb,,Magic,75,Hitpoints,50,,,,,,
Equip a Full Justiciar Set,,Defence,75,,,,,,,,
Complete the Theatre of Blood in 16:00,,,,,,,,,,,
Cook a Rabbit in Tirannwn,,,,,,,,,,,
Harvest some Sweetcorn in Prifddinas,,Farming,20,,,,,,,,
Cross a Trap in Isafdar,,,,,,,,,,,
Defeat a Waterfiend in Tirannwn,,,,,,,,,,,
Defeat a Moss Giant in Tirannwn,,,,,,,,,,,
Use the Bank in Lletya,,,,,,,,,,,
Find Every Memoriam Crystal,,,,,,,,,,,
Charter a Ship From Prifddinas to Port Tyras,,,,,,,,,,,
Talk to Ilfeen in Tirannwn,,,,,,,,,,,
Check a grown Papaya Tree in Lletya,,Farming,57,,,,,,,,
Craft 50 Death Runes,,Runecraft,65,,,,,,,,
Move Your House to Prifddinas,,,,,,,,,,,
Defeat an Elf in Tirannwn,,,,,,,,,,,
Defeat a Bloodveld in Tirannwn,,Slayer,50,,,,,,,,
Defeat a Kurask in Tirannwn,,Slayer,70,,,,,,,,
Use an Elven Teleport Crystal,,,,,,,,,,,
Check a grown Crystal Tree,,Farming,74,,,,,,,,
Catch a Crystal Impling,,Hunter,80,,,,,,,,
Complete the Prifddinas Agility Course,,Agility,75,,,,,,,,
Complete the Prifddinas Agility Course in 1:10,,Agility,75,,,,,,,,
Pickpocket an Elf 50 Times,,Thieving,85,,,,,,,,
Craft a Piece of Crystal Armour,,Smithing,70,Crafting,50,,,,,,
Complete the Gauntlet,,,,,,,,,,,
Defeat Zalcano,,,,,,,,,,,
Defeat Zulrah,,,,,,,,,,,
Defeat a Dark Beast in Tirannwn,,Slayer,90,,,,,,,,
Equip a Dark Bow,,Ranged,60,,,,,,,,
Defeat Zulrah in 1:30,,,,,,,,,,,
Complete the Gauntlet in 8:00,,,,,,,,,,,
Equip a Crystal Bow,,Ranged,70,Agility,50,,,,,,
Equip a Crystal Shield,,Defence,70,Agility,50,,,,,,
Equip a Crystal Halberd,,Attack,70,Agility,50,Strength,35,,,,
Defeat a Nechryael in Tirannwn,,Slayer,,,,,,,,,
Craft an Eternal Teleport Crystal,,Smithing,80,Crafting,80,,,,,,
Open the Enhanced Crystal Chest,,Smithing,80,Crafting,80,,,,,,
Dissect 50 Sacred Eels,,Fishing,87,,,,,,,,
Equip an Elven Signet,,Hunter,80,,,,,,,,
Obtain a Zalcano Shard,,,,,,,,,,,
Equip a Full Crystal Armour Set,,Smithing,74,Crafting,74,,,,,,
Complete the Corrupted Gauntlet,,,,,,,,,,,
Obtain a Crystal Tool Seed,,,,,,,,,,,
Equip a Serpentine Helm,,,,,,,,,,,
Craft a Toxic Blowpipe,,,,,,,,,,,
Craft a Toxic Trident,,,,,,,,,,,
Defeat Zulrah in 0:54,,,,,,,,,,,
Complete the Gauntlet in 5:00,,,,,,,,,,,
Complete the Corrupted Gauntlet in 8:30,,,,,,,,,,,
Complete the Corrupted Gauntlet in 7:00,,,,,,,,,,,
Complete the Corrupted Gauntlet 100 Times,,,,,,,,,,,
Complete the Corrupted Gauntlet 250 Times,,,,,,,,,,,
Defeat Zalcano 250 Times,,,,,,,,,,,
Defeat Zalcano 500 Times,,,,,,,,,,,
Defeat Zulrah 250 Times,,,,,,,,,,,
Defeat Zulrah 500 Times,,,,,,,,,,,
Equip a Piece of the Dragonstone Armour Set,,,,,,,,,,,
Equip a Corrupted Blade of Saeldor,,,,,,,,,,,
Defeat Zulrah in 0:42,,,,,,,,,,,
Complete the Corrupted Gauntlet in 5:00,,,,,,,,,,,
Equip a Crystal Crown,,,,,,,,,,,
Sacrifice Some Bones at the Chaos Temple,,,,,,,,,,,
Use the Abyss,,,,,,,,,,,
Defeat a Lava Dragon in the Wilderness,,,,,,,,,,,
Defeat a Fire Giant in the Wilderness,,,,,,,,,,,
Defeat a Chaos Dwarf in the Wilderness,,,,,,,,,,,
Defeat a Green Dragon in the Wilderness,,,,,,,,,,,
Complete the Easy Wilderness Diary,See diary page,,,,,,,,,,
Order a Drink at the Old Nite,,,,,,,,,,,
Use a Lever to Teleport to Edgeville,,,,,,,,,,,
Pray at the Southern Chaos Temple,,,,,,,,,,,
Pray at the Western Chaos Temple,,,,,,,,,,,
Enter the Wilderness Resource Area,,,,,,,,,,,
Enter the Wilderness God Wars Dungeon,,,,,,,,,,,
Use the Bank at the Mage Arena,,,,,,,,,,,
Visit Ferox Enclave,,,,,,,,,,,
Sacrifice Some Dragon Bones at the Chaos Temple,,,,,,,,,,,
Bury Some Lava Dragon Bones,,,,,,,,,,,
Complete the Wilderness Agility Course,,Agility,52,,,,,,,,
Catch a Black Salamander,,Hunter,67,,,,,,,,
Fill a Large Pouch,,Runecraft,50,,,,,,,,
Defeat the Crazy Archaeologist,,,,,,,,,,,
Defeat Scorpia,,,,,,,,,,,
Defeat the Chaos Fanatic,,,,,,,,,,,
Defeat the Chaos Elemental,,,,,,,,,,,
Equip a Fedora,,,,,,,,,,,
Obtain an Ecumenical Key,,,,,,,,,,,
Equip a Lava Battlestaff,,,,,,,,,,,
Equip a Bracelet of Ethereum,,,,,,,,,,,
Equip a God Cape,,,,,,,,,,,
Cast Saradomin Strike,,,,,,,,,,,
Cast Claws of Guthix,,,,,,,,,,,
Cast Flames of Zamorak,,,,,,,,,,,
Complete the Medium Wilderness Diary,See diary page,,,,,,,,,,
Open a Looting Bag,,,,,,,,,,,
Enter the Deep Wilderness Dungeon,,,,,,,,,,,
Open One of Larran's Chests,,,,,,,,,,,
Catch 100 Dark Crabs,,Fishing,85,,,,,,,,
Catch a Black Chinchompa,,Hunter,73,,,,,,,,
Craft an Air Battlestaff in the Wilderness,,Crafting,66,,,,,,,,
Fill a Giant Pouch,,Runecraft,75,,,,,,,,
Defeat Venenatis,,,,,,,,,,,
Defeat Callisto,,,,,,,,,,,
Defeat Vet'ion,,,,,,,,,,,
Defeat the King Black Dragon,,,,,,,,,,,
Equip a Dragon Pickaxe,,,,,,,,,,,
Equip a Dragon 2H Sword in the Wilderness,,,,,,,,,,,
Equip an Enchanted Slayer Staff,,,,,,,,,,,
Trade With the Emblem Trader,,,,,,,,,,,
Imbue a God Cape,,,,,,,,,,,
Complete the Hard Wilderness Diary,See diary page,,,,,,,,,,
Equip a Piece of the Dagon'Hai Set,,Magic,70,Defence,40,,,,,,
Cook a Dark Crab,,Cooking,90,,,,,,,,
Make an Extended Antifire Potion,,Herblore,84,,,,,,,,
Equip 250 Black Chinchompas,,Hunter,73,,,,,,,,
Equip 500 Black Chinchompas,,Hunter,73,,,,,,,,
Equip 1000 Black Chinchompas,,Hunter,73,,,,,,,,
Mine Some Runite Ore in the Wilderness,,Mining,85,,,,,,,,
Equip a Treasonous Ring,,,,,,,,,,,
Equip a Tyrannical Ring,,,,,,,,,,,
Equip a Ring of the Gods,,,,,,,,,,,
Equip a Craw's Bow,,Ranged,60,,,,,,,,
Equip a Viggora's Chainmace,,Attack,60,,,,,,,,
Equip a Thammaron's Sceptre,,Magic,60,,,,,,,,
Defeat the Corporeal Beast,,,,,,,,,,,
Defeat the Corporeal Beast 100 Times,,,,,,,,,,,
Defeat the Corporeal Beast 250 Times,,,,,,,,,,,
Defeat the Corporeal Beast 500 Times,,,,,,,,,,,
Equip a Blessed Spirit Shield,,Defence,70,Prayer,60,,,,,,
Equip a Malediction Ward,,Defence,60,,,,,,,,
Equip an Odium Ward,,Defence,60,,,,,,,,
Build an Obelisk,,Construction,80,,,,,,,,
Complete the Elite Wilderness Diary,See diary page,,,,,,,,,,
Equip a Full Dagon'Hai Set,,Magic,70,Defence,40,,,,,,
Equip a Spectral or Arcane Spirit Shield,,Defence,75,Prayer,70,Magic,65,,,,
Equip an Elysian Spirit Shield,,Defence,75,Prayer,75,,,,,,
Obtain Every Revenant Weapon,,,,,,,,,,,
Equip an Amulet of Eternal Glory,,,,,,,,,,,