SKILL,icon,type,isCombatSkill,,,,,,,,,,,,,,,,,,,,,
Magic,https://oldschool.runescape.wiki/images/5/5c/Magic_icon.png?334cf,combat,TRUE,,,,,,,,,,,,,,,,,,,,,
,,,,,,,,,,,,,,,,,,,,,,,,
CATEGORIES,,,,,,,,,,,,,,,,,,,,,,,,
Standard spellbook (combat),Standard spellbook (teleport),Standard spellbook (utility),Ancient magicks (combat),Ancient magicks (teleport),Lunar magic (combat),Lunar magic (teleport),Lunar magic (utility),Tablets,,,,,,,,,,,,,,,,
,,,,,,,,,,,,,,,,,,,,,,,,
EXP MULTIPLIERS,name,multiplier,,,,,,,,,,,,,,,,,,,,,,
,,,,,,,,,,,,,,,,,,,,,,,,
INPUT MULTIPLIERS,name,multiplier,,,,,,,,,,,,,,,,,,,,,,
,,,,,,,,,,,,,,,,,,,,,,,,
OUTPUT MULTIPLIERS,name,multiplier,,,,,,,,,,,,,,,,,,,,,,
,,,,,,,,,,,,,,,,,,,,,,,,
ACTIONS,name,subtitle,category,exp,level,icon,inputs,outputs,areas,exp multipliers,input multipliers,output multipliers,exp actions,tooltip,,,,,,,,,,
0,Wind Strike ,Splashing,Standard spellbook (combat),5.5,1,,1 Air rune;1 Mind rune,,All,,,,1,,,,,,,,,,,
1,Wind Strike ,Average damage; Defensive casting,Standard spellbook (combat),6.83,1,,1 Air rune;1 Mind rune,,All,,,,1,,,,,,,,,,,
2,Wind Strike ,Average damage,Standard spellbook (combat),7.5,1,,1 Air rune;1 Mind rune,,All,,,,1,,,,,,,,,,,
4,Confuse,,Standard spellbook (combat),13,3,,1 Body rune;2 Earth rune;3 Water rune,,All,,,,1,,,,,,,,,,,
5,Opal Bolt Enchant,,Standard spellbook (utility),9,4,,2 Air rune;1 Cosmic rune;10 Opal bolts,10 Opal bolts (e),All,,,,1,,,,,,,,,,,
6,Water Strike ,Splashing,Standard spellbook (combat),7.5,5,,1 Air rune;1 Mind rune;1 Water rune,,All,,,,1,,,,,,,,,,,
7,Water Strike ,Average damage; Defensive casting,Standard spellbook (combat),10.16,5,,1 Air rune;1 Mind rune;1 Water rune,,All,,,,1,,,,,,,,,,,
8,Water Strike ,Average damage,Standard spellbook (combat),11.5,5,,1 Air rune;1 Mind rune;1 Water rune,,All,,,,1,,,,,,,,,,,
12,Sapphire Bolt Enchant,,Standard spellbook (utility),17.5,7,,1 Cosmic rune;10 Sapphire bolts;1 Water rune,10 Sapphire bolts (e),All,,,,1,,,,,,,,,,,
13,Lvl-1 Enchant,,Standard spellbook (utility),17.5,7,,1 Cosmic rune;1 Water rune;1 Unenchanted sapphire/opal jewelry,1 Enchanted sapphire/opal jewelry,All,,,,1,,,,,,,,,,,
14,Lvl-1 Enchant ,Tablet,Tablets,17.5,7,,1 Cosmic rune;1 Water rune;1 Soft clay,1 Enchant sapphire or opal,All,,,,1,,,,,,,,,,,
15,Earth Strike ,Splashing,Standard spellbook (combat),9.5,9,,1 Air rune;2 Earth rune;1 Mind rune,,All,,,,1,,,,,,,,,,,
16,Earth Strike ,Average damage; Defensive casting,Standard spellbook (combat),13.49,9,,1 Air rune;2 Earth rune;1 Mind rune,,All,,,,1,,,,,,,,,,,
17,Earth Strike ,Average damage,Standard spellbook (combat),15.5,9,,1 Air rune;2 Earth rune;1 Mind rune,,All,,,,1,,,,,,,,,,,
18,Weaken,,Standard spellbook (combat),21,11,,1 Body rune;2 Earth rune;3 Water rune,,All,,,,1,,,,,,,,,,,
20,Fire Strike ,Splashing,Standard spellbook (combat),11.5,13,,2 Air rune;3 Fire rune;1 Mind rune,,All,,,,1,,,,,,,,,,,
21,Fire Strike  ,Average damage; Defensive casting ,Standard spellbook (combat),16.82,13,,2 Air rune;3 Fire rune;1 Mind rune,,All,,,,1,,,,,,,,,,,
22,Fire Strike ,Average damage,Standard spellbook (combat),19.5,13,,2 Air rune;3 Fire rune;1 Mind rune,,All,,,,1,,,,,,,,,,,
23,Jade Bolt Enchant,,Standard spellbook (utility),19,14,,1 Cosmic rune;2 Earth rune;10 Jade bolts,10 Jade bolts (e),All,,,,1,,,,,,,,,,,
24,Bones to Bananas,,Standard spellbook (utility),25,15,,2 Earth rune;1 Nature rune;2 Water rune;25 Bones,25 Bananas,All,,,,1,,,,,,,,,,,
25,Bones to Bananas ,Tablet,Tablets,25,15,,2 Earth rune;1 Nature rune;2 Water rune;1 Soft clay,1 Bones to bananas,All,,,,1,,,,,,,,,,,
27,Wind Bolt ,Splashing,Standard spellbook (combat),13.5,17,,2 Air rune;1 Chaos rune,,All,,,,1,,,,,,,,,,,
30,Wind Bolt  ,Average damage; Defensive casting ,Standard spellbook (combat),19.485,17,,2 Air rune;1 Chaos rune,,All,,,,1,,,,,,,,,,,
31,Wind Bolt ,Average damage,Standard spellbook (combat),22.5,17,,2 Air rune;1 Chaos rune,,All,,,,1,,,,,,,,,,,
32,Curse,,Standard spellbook (combat),29,19,,1 Body rune;3 Earth rune;2 Water rune,,All,,,,1,,,,,,,,,,,
34,Bind,,Standard spellbook (combat),30,20,,3 Earth rune;2 Nature rune;3 Water rune,,All,,,,1,,,,,,,,,,,
35,Low Level Alchemy,,Standard spellbook (utility),31,21,,3 Fire rune;1 Nature rune,,All,,,,1,,,,,,,,,,,
38,Water Bolt ,Splashing,Standard spellbook (combat),16.5,23,,2 Air rune;1 Chaos rune;2 Water rune,,All,,,,1,,,,,,,,,,,
41,Water Bolt  ,Average damage; Defensive casting ,Standard spellbook (combat),23.15,23,,2 Air rune;1 Chaos rune;2 Water rune,,All,,,,1,,,,,,,,,,,
42,Water Bolt ,Average damage,Standard spellbook (combat),26.5,23,,2 Air rune;1 Chaos rune;2 Water rune,,All,,,,1,,,,,,,,,,,
43,Pearl Bolt Enchant,,Standard spellbook (utility),29,24,,1 Cosmic rune;10 Pearl bolts;2 Water rune,10 Pearl bolts (e),All,,,,1,,,,,,,,,,,
44,Varrock Teleport,,Standard spellbook (teleport),35,25,,3 Air rune;1 Fire rune;1 Law rune,,All,,,,1,,,,,,,,,,,
45,Varrock Teleport ,Tablet,Tablets,35,25,,3 Air rune;1 Fire rune;1 Law rune;1 Soft clay,1 Varrock teleport,All,,,,1,,,,,,,,,,,
47,Emerald Bolt Enchant,,Standard spellbook (utility),37,27,,3 Air rune;1 Cosmic rune;10 Emerald bolts;1 Nature rune,10 Emerald bolts (e),All,,,,1,,,,,,,,,,,
48,Lvl-2 Enchant,,Standard spellbook (utility),37,27,,3 Air rune;1 Cosmic rune;1 Unenchanted emerald/jade jewelry,1 Enchanted emerald/jade jewelry,All,,,,1,,,,,,,,,,,
49,Lvl-2 Enchant ,Tablet,Tablets,37,27,,3 Air rune;1 Cosmic rune;1 Soft clay,1 Enchant emerald or jade,All,,,,1,,,,,,,,,,,
52,Earth Bolt ,Splashing,Standard spellbook (combat),19.5,29,,2 Air rune;1 Chaos rune;3 Earth rune,,All,,,,1,,,,,,,,,,,
53, Earth Bolt  ,Average damage; Defensive casting ,Standard spellbook (combat),26.815,29,,2 Air rune;1 Chaos rune;3 Earth rune,,All,,,,1,,,,,,,,,,,
54,Earth Bolt ,Average damage,Standard spellbook (combat),30.5,29,,2 Air rune;1 Chaos rune;3 Earth rune,,All,,,,1,,,,,,,,,,,
56,Lumbridge Teleport,,Standard spellbook (teleport),41,31,,3 Air rune;1 Earth rune;1 Law rune,,All,,,,1,,,,,,,,,,,
57,Lumbridge Teleport ,Tablet,Tablets,41,31,,3 Air rune;1 Earth rune;1 Law rune;1 Soft clay,1 Lumbridge teleport,All,,,,1,,,,,,,,,,,
58,Telekinetic Grab,,Standard spellbook (utility),43,33,,1 Air rune;1 Law rune,,All,,,,1,,,,,,,,,,,
60,Fire Bolt ,Splashing,Standard spellbook (combat),22.5,35,,3 Air rune;1 Chaos rune;4 Fire rune,,All,,,,1,,,,,,,,,,,
61,Fire Bolt  ,Average damage; Defensive casting ,Standard spellbook (combat),30.48,35,,3 Air rune;1 Chaos rune;4 Fire rune,,All,,,,1,,,,,,,,,,,
62,Fire Bolt ,Average damage,Standard spellbook (combat),34.5,35,,3 Air rune;1 Chaos rune;4 Fire rune,,All,,,,1,,,,,,,,,,,
63,Falador Teleport,,Standard spellbook (teleport),48,37,,3 Air rune;1 Law rune;1 Water rune,,All,,,,1,,,,,,,,,,,
64,Falador Teleport ,Tablet,Tablets,48,37,,3 Air rune;1 Law rune;1 Water rune;1 Soft clay,1 Falador teleport,All,,,,1,,,,,,,,,,,
66,Crumble Undead ,Splashing,Standard spellbook (combat),24.5,39,,2 Air rune;1 Chaos rune;2 Earth rune,,All,,,,1,,,,,,,,,,,
67,Crumble Undead  ,Average damage; Defensive casting ,Standard spellbook (combat),34.475,39,,2 Air rune;1 Chaos rune;2 Earth rune,,All,,,,1,,,,,,,,,,,
68,Crumble Undead ,Average damage,Standard spellbook (combat),39.5,39,,2 Air rune;1 Chaos rune;2 Earth rune,,All,,,,1,,,,,,,,,,,
71,Teleport to House,,Standard spellbook (teleport),30,40,,1 Air rune;1 Earth rune;1 Law rune,,All,,,,1,,,,,,,,,,,
72,Teleport to House ,Tablet,Tablets,30,40,,1 Air rune;1 Earth rune;1 Law rune;1 Soft clay,1 Teleport to house,All,,,,1,,,,,,,,,,,
74,Wind Blast ,Splashing,Standard spellbook (combat),25.5,41,,3 Air rune;1 Death rune,,All,,,,1,,,,,,,,,,,
75,Wind Blast  ,Average damage; Defensive casting ,Standard spellbook (combat),34.145,41,,3 Air rune;1 Death rune,,All,,,,1,,,,,,,,,,,
76,Wind Blast ,Average damage,Standard spellbook (combat),38.5,41,,3 Air rune;1 Death rune,,All,,,,1,,,,,,,,,,,
77,Superheat Item,,Standard spellbook (utility),53,43,,4 Fire rune;1 Nature rune,,All,,,,1,,,,,,,,,,,
79,Camelot Teleport,,Standard spellbook (teleport),55.5,45,,5 Air rune;1 Law rune,,All,,,,1,,,,,,,,,,,
80,Camelot Teleport ,Tablet,Tablets,55.5,45,,5 Air rune;1 Law rune;1 Soft clay,1 Camelot teleport,All,,,,1,,,,,,,,,,,
82,Water Blast ,Splashing,Standard spellbook (combat),28.5,47,,3 Air rune;1 Death rune;3 Water rune,,All,,,,1,,,,,,,,,,,
83,Water Blast  ,Average damage; Defensive casting ,Standard spellbook (combat),37.81,47,,3 Air rune;1 Death rune;3 Water rune,,All,,,,1,,,,,,,,,,,
84,Water Blast ,Average damage,Standard spellbook (combat),42.5,47,,3 Air rune;1 Death rune;3 Water rune,,All,,,,1,,,,,,,,,,,
87,Topaz Bolt Enchant,,Standard spellbook (utility),33,49,,1 Cosmic rune;2 Fire rune;10 Topaz bolts,10 Topaz bolts (e),All,,,,1,,,,,,,,,,,
88,Ruby Bolt Enchant,,Standard spellbook (utility),59,49,,1 Blood rune;1 Cosmic rune;5 Fire rune;10 Ruby bolts,10 Ruby bolts (e),All,,,,1,,,,,,,,,,,
89,Lvl-3 Enchant,,Standard spellbook (utility),59,49,,1 Cosmic rune;5 Fire rune;1 Unenchanted ruby/topaz jewelry,1 Enchanted ruby/topaz jewelry,All,,,,1,,,,,,,,,,,
90,Lvl-3 Enchant ,Tablet,Tablets,59,49,,1 Cosmic rune;5 Fire rune;1 Soft clay,1 Enchant ruby or topaz,All,,,,1,,,,,,,,,,,
93,Smoke Rush ,Splashing,Ancient magicks (combat),30,50,,1 Air rune;2 Chaos rune;2 Death rune;1 Fire rune,,Desert,,,,1,,,,,,,,,,,
91,Iban Blast ,Splashing,Standard spellbook (combat),30,50,,1 Death rune;1 Fire rune,,All,,,,1,,,,,,,,,,,
92,Magic Dart ,Splashing,Standard spellbook (combat),30,50,,1 Death rune;4 Mind rune,,All,,,,1,,,,,,,,,,,
94,Smoke Rush  ,Average damage; Defensive casting ,Ancient magicks (combat),38.645,50,,1 Air rune;2 Chaos rune;2 Death rune;1 Fire rune,,Desert,,,,1,,,,,,,,,,,
95, Magic Dart  ,Average damage; Defensive casting ,Standard spellbook (combat),39.975,50,,1 Death rune;4 Mind rune,,All,,,,1,,,,,,,,,,,
96,Smoke Rush ,Average damage,Ancient magicks (combat),43,50,,1 Air rune;2 Chaos rune;2 Death rune;1 Fire rune,,Desert,,,,1,,,,,,,,,,,
97,Magic Dart ,Average damage,Standard spellbook (combat),45,50,,1 Death rune;4 Mind rune,,All,,,,1,,,,,,,,,,,
98,Iban Blast  ,Average damage; Defensive casting ,Standard spellbook (combat),46.625,50,,1 Death rune;1 Fire rune,,All,,,,1,,,,,,,,,,,
99,Iban Blast ,Average damage,Standard spellbook (combat),55,50,,1 Death rune;1 Fire rune,,All,,,,1,,,,,,,,,,,
100,Snare,,Standard spellbook (combat),60,50,,4 Earth rune;3 Nature rune;4 Water rune,,All,,,,1,,,,,,,,,,,
101,Ardougne Teleport,,Standard spellbook (teleport),61,51,,2 Law rune;2 Water rune,,All,,,,1,,,,,,,,,,,
102,Ardougne Teleport ,Tablet,Tablets,61,51,,2 Law rune;2 Water rune;1 Soft clay,1 Ardougne teleport,All,,,,1,,,,,,,,,,,
103,Shadow Rush ,Splashing,Ancient magicks (combat),31,52,,1 Air rune;2 Chaos rune;2 Death rune;1 Soul rune,,Desert,,,,1,,,,,,,,,,,
104,Shadow Rush  ,Average damage; Defensive casting ,Ancient magicks (combat),40.31,52,,1 Air rune;2 Chaos rune;2 Death rune;1 Soul rune,,Desert,,,,1,,,,,,,,,,,
105,Shadow Rush ,Average damage,Ancient magicks (combat),45,52,,1 Air rune;2 Chaos rune;2 Death rune;1 Soul rune,,Desert,,,,1,,,,,,,,,,,
107,Earth Blast ,Splashing,Standard spellbook (combat),31.5,53,,3 Air rune;1 Death rune;4 Earth rune,,All,,,,1,,,,,,,,,,,
108,Earth Blast  ,Average damage; Defensive casting ,Standard spellbook (combat),41.475,53,,3 Air rune;1 Death rune;4 Earth rune,,All,,,,1,,,,,,,,,,,
109,Earth Blast ,Average damage,Standard spellbook (combat),46.5,53,,3 Air rune;1 Death rune;4 Earth rune,,All,,,,1,,,,,,,,,,,
110,Paddewwa Teleport,,Ancient magicks (teleport),64,54,,1 Air rune;1 Fire rune;2 Law rune,,Desert,,,,1,,,,,,,,,,,
294,Paddewwa Teleport ,Tablet,Tablets,64,54,,1 Air rune;1 Fire rune;2 Law rune;1 Soft clay,1 Paddewa teleport,Desert,,,,1,,,,,,,,,,,
111,High Level Alchemy,,Standard spellbook (utility),65,55,,5 Fire rune;1 Nature rune,,All,,,,1,,,,,,,,,,,
112,Blood Rush ,Splashing,Ancient magicks (combat),33,56,,1 Blood rune;2 Chaos rune;2 Death rune,,Desert,,,,1,,,,,,,,,,,
113,Blood Rush  ,Average damage; Defensive casting ,Ancient magicks (combat),42.975,56,,1 Blood rune;2 Chaos rune;2 Death rune,,Desert,,,,1,,,,,,,,,,,
114,Blood Rush ,Average damage,Ancient magicks (combat),48,56,,1 Blood rune;2 Chaos rune;2 Death rune,,Desert,,,,1,,,,,,,,,,,
115,Charge Water Orb,,Standard spellbook (utility),66,56,,3 Cosmic rune;1 Unpowered orb;30 Water rune,1 Water orb,Asgarnia,,,,1,,,,,,,,,,,
116,Diamond Bolt Enchant,,Standard spellbook (utility),67,57,,1 Cosmic rune;10 Diamond bolts;10 Earth rune;2 Law rune,10 Diamont bolts (e),All,,,,1,,,,,,,,,,,
117,Lvl-4 Enchant,,Standard spellbook (utility),67,57,,1 Cosmic rune;10 Earth rune;1 Unenchanted diamond jewelry,1 Enchanted diamond jewelry,All,,,,1,,,,,,,,,,,
118,Lvl-4 Enchant ,Tablet,Tablets,67,57,,1 Cosmic rune;10 Earth rune;1 Soft clay,1 Enchant diamond,All,,,,1,,,,,,,,,,,
120,Ice Rush ,Splashing,Ancient magicks (combat),34,58,,2 Chaos rune;2 Death rune;2 Water rune,,Desert,,,,1,,,,,,,,,,,
121,Ice Rush  ,Average damage; Defensive casting ,Ancient magicks (combat),44.64,58,,2 Chaos rune;2 Death rune;2 Water rune,,Desert,,,,1,,,,,,,,,,,
122,Ice Rush ,Average damage,Ancient magicks (combat),50,58,,2 Chaos rune;2 Death rune;2 Water rune,,Desert,,,,1,,,,,,,,,,,
123,Watchtower Teleport,,Standard spellbook (teleport),68,58,,2 Earth rune;2 Law rune,,All,,,,1,,,,,,,,,,,
124,Watchtower Teleport ,Tablet,Tablets,68,58,,2 Earth rune;2 Law rune;1 Soft clay,1 Watchtower teleport,All,,,,1,,,,,,,,,,,
125,Fire Blast ,Splashing,Standard spellbook (combat),34.5,59,,4 Air rune;1 Death rune;5 Fire rune,,All,,,,1,,,,,,,,,,,
126,Fire Blast  ,Average damage; Defensive casting ,Standard spellbook (combat),45.14,59,,4 Air rune;1 Death rune;5 Fire rune,,All,,,,1,,,,,,,,,,,
127,Fire Blast ,Average damage,Standard spellbook (combat),50.5,59,,4 Air rune;1 Death rune;5 Fire rune,,All,,,,1,,,,,,,,,,,
128,Claws of Guthix ,Splashing,Standard spellbook (combat),61,60,,4 Air rune;2 Blood rune;1 Fire rune,,All,,,,1,,,,,,,,,,,
129,Flames of Zamorak ,Splashing,Standard spellbook (combat),61,60,,1 Air rune;2 Blood rune;4 Fire rune,,All,,,,1,,,,,,,,,,,
130,Saradomin Strike ,Splashing,Standard spellbook (combat),61,60,,4 Air rune;2 Blood rune;2 Fire rune,,All,,,,1,,,,,,,,,,,
131,Bones to Peaches,,Standard spellbook (utility),65,60,,2 Earth rune;2 Nature rune;4 Water rune;25 Bones,25 Peaches,All,,,,1,,,,,,,,,,,
132,Bones to Peaches ,Tablet,Tablets,65,60,,2 Earth rune;2 Nature rune;4 Water rune;1 Soft clay,1 Bones to peaches,All,,,,1,,,,,,,,,,,
134,Senntisten Teleport,,Ancient magicks (teleport),70,60,,2 Law rune;1 Soul rune,,Desert,,,,1,,,,,,,,,,,
295,Senntisten Teleport ,Tablet,Tablets,70,60,,2 Law rune;1 Soul rune;1 Soft clay,1 Senntisten teleport,Desert,,,,1,,,,,,,,,,,
133,Charge Earth Orb,,Standard spellbook (utility),70,60,,3 Cosmic rune;30 Earth rune;1 Unpowered orb,1 Earth orb,Wilderness,,,,1,,,,,,,,,,,
135,Claws of Guthix  ,Average damage; Defensive casting ,Standard spellbook (combat),74.3,60,,4 Air rune;2 Blood rune;1 Fire rune,,All,,,,1,,,,,,,,,,,
136,Flames of Zamorak  ,Average damage; Defensive casting ,Standard spellbook (combat),74.3,60,,1 Air rune;2 Blood rune;4 Fire rune,,All,,,,1,,,,,,,,,,,
137,Saradomin Strike  ,Average damage; Defensive casting ,Standard spellbook (combat),74.3,60,,4 Air rune;2 Blood rune;2 Fire rune,,All,,,,1,,,,,,,,,,,
138,Claws of Guthix ,Average damage,Standard spellbook (combat),81,60,,4 Air rune;2 Blood rune;1 Fire rune,,All,,,,1,,,,,,,,,,,
139,Flames of Zamorak ,Average damage,Standard spellbook (combat),81,60,,1 Air rune;2 Blood rune;4 Fire rune,,All,,,,1,,,,,,,,,,,
140,Saradomin Strike ,Average damage,Standard spellbook (combat),81,60,,4 Air rune;2 Blood rune;2 Fire rune,,All,,,,1,,,,,,,,,,,
141,Trollheim Teleport,,Standard spellbook (teleport),68,61,,2 Fire rune;2 Law rune,,All,,,,1,,,,,,,,,,,
144,Smoke Burst ,Splashing,Ancient magicks (combat),36,62,,2 Air rune;4 Chaos rune;2 Death rune;2 Fire rune,,Desert,,,,1,,,,,,,,,,,
145,Wind Wave ,Splashing,Standard spellbook (combat),36,62,,5 Air rune;1 Blood rune,,All,,,,1,,,,,,,,,,,
146,Smoke Burst  ,Average damage; Defensive casting ,Ancient magicks (combat),47.305,62,,2 Air rune;4 Chaos rune;2 Death rune;2 Fire rune,,Desert,,,,1,,,,,,,,,,,
147,Wind Wave  ,Average damage; Defensive casting ,Standard spellbook (combat),47.305,62,,5 Air rune;1 Blood rune,,All,,,,1,,,,,,,,,,,
148,Smoke Burst ,Average damage,Ancient magicks (combat),53,62,,2 Air rune;4 Chaos rune;2 Death rune;2 Fire rune,,Desert,,,,1,,,,,,,,,,,
149,Wind Wave ,Average damage,Standard spellbook (combat),53,62,,5 Air rune;1 Blood rune,,All,,,,1,,,,,,,,,,,
151,Charge Fire Orb,,Standard spellbook (utility),73,63,,3 Cosmic rune;30 Fire rune;1 Unpowered orb,1 Fire orb,Asgarnia,,,,1,,,,,,,,,,,
152,Shadow Burst ,Splashing,Ancient magicks (combat),37,64,,1 Air rune;4 Chaos rune;2 Death rune;1 Soul rune,,Desert,,,,1,,,,,,,,,,,
153,Shadow Burst  ,Average damage; Defensive casting ,Ancient magicks (combat),48.97,64,,1 Air rune;4 Chaos rune;2 Death rune;1 Soul rune,,Desert,,,,1,,,,,,,,,,,
154,Shadow Burst ,Average damage,Ancient magicks (combat),55,64,,1 Air rune;4 Chaos rune;2 Death rune;1 Soul rune,,Desert,,,,1,,,,,,,,,,,
155,Ape Atoll Teleport ,standard,Standard spellbook (teleport),74,64,,1 Banana;2 Fire rune;2 Law rune;2 Water rune,,All,,,,1,,,,,,,,,,,
156,Water Wave ,Splashing,Standard spellbook (combat),37.5,65,,5 Air rune;1 Blood rune;7 Water rune,,All,,,,1,,,,,,,,,,,
157,Water Wave  ,Average damage; Defensive casting ,Standard spellbook (combat),49.47,65,,5 Air rune;1 Blood rune;7 Water rune,,All,,,,1,,,,,,,,,,,
158,Water Wave ,Average damage,Standard spellbook (combat),55.5,65,,5 Air rune;1 Blood rune;7 Water rune,,All,,,,1,,,,,,,,,,,
159,Bake Pie,,Lunar magic (utility),60,65,,1 Astral rune;5 Fire rune;4 Water rune;25 Uncooked pies,25 Cooked pies,Fremennik,,,,1,,,,,,,,,,,
160,Geomancy,,Lunar magic (utility),60,65,,3 Astral rune;8 Earth rune;3 Nature rune,,Fremennik,,,,1,,,,,,,,,,,
164,Cure Plant,,Lunar magic (utility),60,66,,1 Astral rune;8 Earth rune,,Fremennik,,,,1,,,,,,,,,,,
165,Monster Examine,,Lunar magic (utility),61,66,,1 Astral rune;1 Cosmic rune;1 Mind rune,,Fremennik,,,,1,,,,,,,,,,,
167,Kharyrll Teleport,,Ancient magicks (teleport),76,66,,1 Blood rune;2 Law rune,,Desert,,,,1,,,,,,,,,,,
296,Kharyrll Teleport ,Tablet,Tablets,76,66,,1 Blood rune;2 Law rune;1 Soft clay,1 Kharyll teleport,Desert,,,,1,,,,,,,,,,,
168,Vulnerability,,Standard spellbook (combat),76,66,,5 Earth rune;1 Soul rune;5 Water rune,,All,,,,1,,,,,,,,,,,
166,Charge Air Orb,,Standard spellbook (utility),76,66,,30 Air rune;3 Cosmic rune;1 Unpowered orb,1 Air orb,Wilderness,,,,1,,,,,,,,,,,
169,NPC Contact,,Lunar magic (utility),63,67,,2 Air rune;1 Astral rune;1 Cosmic rune,,Fremennik,,,,1,,,,,,,,,,,
170,Blood Burst ,Splashing,Ancient magicks (combat),39,68,,2 Blood rune;4 Chaos rune;2 Death rune,,Desert,,,,1,,,,,,,,,,,
171,Blood Burst  ,Average damage; Defensive casting ,Ancient magicks (combat),52.965,68,,2 Blood rune;4 Chaos rune;2 Death rune,,Desert,,,,1,,,,,,,,,,,
172,Blood Burst ,Average damage,Ancient magicks (combat),60,68,,2 Blood rune;4 Chaos rune;2 Death rune,,Desert,,,,1,,,,,,,,,,,
173,Cure Other,,Lunar magic (combat),65,68,,1 Astral rune;10 Earth rune;1 Law rune,,Fremennik,,,,1,,,,,,,,,,,
174,Humidify,,Lunar magic (utility),65,68,,1 Astral rune;1 Fire rune;3 Water rune;25 Empty containers,25 Water-filled containers,Fremennik,,,,1,,,,,,,,,,,
175,Dragonstone Bolt Enchant,,Standard spellbook (utility),78,68,,1 Cosmic rune;10 Dragonstone bolts;12 Earth rune;1 Soul rune,10 Dragonstone bolts (e),All,,,,1,,,,,,,,,,,
176,Lvl-5 Enchant,,Standard spellbook (utility),78,68,,1 Cosmic rune;15 Earth rune;15 Water rune;1 Unenchanted dragonstone jewelry,1 Enchanted dragonstone jewelry,All,,,,1,,,,,,,,,,,
177,Lvl-5 Enchant ,Tablet,Tablets,78,68,,1 Cosmic rune;15 Earth rune;15 Water rune;1 Soft clay,1 Enchant dragonstone,All,,,,1,,,,,,,,,,,
178,Moonclan Teleport,,Lunar magic (teleport),66,69,,2 Astral rune;2 Earth rune;1 Law rune,,Fremennik,,,,1,,,,,,,,,,,
302,Moonclan Teleport ,Tablet,Tablets,66,69,,2 Astral rune;2 Earth rune;1 Law rune;1 Soft clay,1 Moonclan teleport,Fremennik,,,,1,,,,,,,,,,,
179,Kourend Castle Teleport,,Standard spellbook (teleport),82,69,,5 Fire rune;2 Law rune;2 Soul rune;4 Water rune,,All,,,,1,,,,,,,,,,,
182,Ice Burst ,Splashing,Ancient magicks (combat),40,70,,4 Chaos rune;2 Death rune;4 Water rune,,Desert,,,,1,,,,,,,,,,,
181,Earth Wave ,Splashing,Standard spellbook (combat),40,70,,5 Air rune;1 Blood rune;7 Earth rune,,All,,,,1,,,,,,,,,,,
183,Earth Wave  ,Average damage; Defensive casting ,Standard spellbook (combat),52.635,70,,5 Air rune;1 Blood rune;7 Earth rune,,All,,,,1,,,,,,,,,,,
184,Ice Burst  ,Average damage; Defensive casting ,Ancient magicks (combat),54.63,70,,4 Chaos rune;2 Death rune;4 Water rune,,Desert,,,,1,,,,,,,,,,,
185,Earth Wave ,Average damage,Standard spellbook (combat),59,70,,5 Air rune;1 Blood rune;7 Earth rune,,All,,,,1,,,,,,,,,,,
186,Ice Burst ,Average damage,Ancient magicks (combat),62,70,,4 Chaos rune;2 Death rune;4 Water rune,,Desert,,,,1,,,,,,,,,,,
187,Tele Group Moonclan,,Lunar magic (teleport),67,70,,2 Astral rune;4 Earth rune;1 Law rune,,Fremennik,,,,1,,,,,,,,,,,
188,Cure Me,,Lunar magic (combat),69,71,,2 Astral rune;2 Cosmic rune;1 Law rune,,Fremennik,,,,1,,,,,,,,,,,
189,Ourania Teleport,,Lunar magic (teleport),69,71,,2 Astral rune;6 Earth rune;1 Law rune,,Fremennik,,,,1,,,,,,,,,,,
303,Ourania Teleport ,Tablet,Tablets,69,71,,2 Astral rune;6 Earth rune;1 Law rune;1 Soft clay,1 Ourania teleport,Fremennik,,,,1,,,,,,,,,,,
190,Hunter Kit,,Lunar magic (utility),70,71,,2 Astral rune;2 Earth rune,1 Hunter kit,Fremennik,,,,1,,,,,,,,,,,
193,Waterbirth Teleport,,Lunar magic (teleport),71,72,,2 Astral rune;1 Law rune;1 Water rune,,Fremennik,,,,1,,,,,,,,,,,
304,Waterbirth Teleport ,Tablet,Tablets,71,72,,2 Astral rune;1 Law rune;1 Water rune;1 Soft clay,1 Waterbirth teleport,Fremennik,,,,1,,,,,,,,,,,
194,Lassar Teleport,,Ancient magicks (teleport),82,72,,2 Law rune;4 Water rune,,Desert,,,,1,,,,,,,,,,,
194,Lassar Teleport ,Tablet,Tablets,82,72,,2 Law rune;4 Water rune;1 Soft clay,1 Lassar teleport,Desert,,,,1,,,,,,,,,,,
196,Tele Group Waterbirth,,Lunar magic (teleport),72,73,,2 Astral rune;1 Law rune;5 Water rune,,Fremennik,,,,1,,,,,,,,,,,
197,Enfeeble,,Standard spellbook (combat),83,73,,8 Earth rune;1 Soul rune;8 Water rune,,All,,,,1,,,,,,,,,,,
198,Smoke Blitz ,Splashing,Ancient magicks (combat),42,74,,2 Air rune;2 Blood rune;2 Death rune;2 Fire rune,,Desert,,,,1,,,,,,,,,,,
199,Smoke Blitz  ,Average damage; Defensive casting ,Ancient magicks (combat),57.295,74,,2 Air rune;2 Blood rune;2 Death rune;2 Fire rune,,Desert,,,,1,,,,,,,,,,,
200,Smoke Blitz ,Average damage,Ancient magicks (combat),65,74,,2 Air rune;2 Blood rune;2 Death rune;2 Fire rune,,Desert,,,,1,,,,,,,,,,,
201,Cure Group,,Lunar magic (combat),74,74,,2 Astral rune;2 Cosmic rune;2 Law rune,,Fremennik,,,,1,,,,,,,,,,,
202,Teleother Lumbridge,,Standard spellbook (teleport),84,74,,1 Earth rune;1 Law rune;1 Soul rune,,All,,,,1,,,,,,,,,,,
203,Fire Wave ,Splashing,Standard spellbook (combat),42.5,75,,7 Air rune;1 Blood rune;5 Fire rune,,All,,,,1,,,,,,,,,,,
204,Fire Wave  ,Average damage; Defensive casting ,Standard spellbook (combat),55.8,75,,7 Air rune;1 Blood rune;5 Fire rune,,All,,,,1,,,,,,,,,,,
205,Fire Wave ,Average damage,Standard spellbook (combat),62.5,75,,7 Air rune;1 Blood rune;5 Fire rune,,All,,,,1,,,,,,,,,,,
206,Barbarian Teleport,,Lunar magic (teleport),76,75,,2 Astral rune;3 Fire rune;2 Law rune,,Fremennik,,,,1,,,,,,,,,,,
305,Barbarian Teleport ,Tablet,Tablets,76,75,,2 Astral rune;3 Fire rune;2 Law rune;1 Soft clay,1 Barbarian teleport,Fremennik,,,,1,,,,,,,,,,,
207,Stat Spy,,Lunar magic (utility),76,75,,2 Astral rune;5 Body rune;2 Cosmic rune,,Fremennik,,,,1,,,,,,,,,,,
208,Shadow Blitz ,Splashing,Ancient magicks (combat),43,76,,2 Air rune;2 Blood rune;2 Death rune;2 Soul rune,,Desert,,,,1,,,,,,,,,,,
209,Shadow Blitz  ,Average damage; Defensive casting ,Ancient magicks (combat),58.96,76,,2 Air rune;2 Blood rune;2 Death rune;2 Soul rune,,Desert,,,,1,,,,,,,,,,,
210,Shadow Blitz ,Average damage,Ancient magicks (combat),67,76,,2 Air rune;2 Blood rune;2 Death rune;2 Soul rune,,Desert,,,,1,,,,,,,,,,,
211,Spin Flax,,Lunar magic (utility),75,76,,5 Air rune;1 Astral rune;5 Flax;2 Nature rune,5 Bowstring,Fremennik,,,,1,,,,,,,,,,,
212,Tele Group Barbarian,,Lunar magic (teleport),77,76,,2 Astral rune;6 Fire rune;2 Law rune,,Fremennik,,,,1,,,,,,,,,,,
213,Superglass Make ,Giant seaweed,Lunar magic (utility),78,77,,18 Bucket of sand;3 Giant seaweed;2 Astral rune;6 Fire rune;10 Air rune,28 Molten glass,Fremennik,,,,1,Assumes 18 sand and 3 giant seaweed per inventory,,,,,,,,,,
214,Superglass Make ,Regular seaweed,Lunar magic (utility),78,77,,13 Bucket of sand;13 Seaweed;2 Astral rune;6 Fire rune;10 Air rune,17 Molten glass,Fremennik,,,,1,Assumes 13 sand and 13 seaweed per inventory,,,,,,,,,,
215,Khazard Teleport,,Lunar magic (teleport),80,78,,2 Astral rune;2 Law rune;4 Water rune,,Fremennik,,,,1,,,,,,,,,,,
306,Khazard Teleport ,Tablet,Tablets,80,78,,2 Astral rune;2 Law rune;4 Water rune;1 Soft clay,1 Khazard teleport,Fremennik,,,,1,,,,,,,,,,,
216,Tan Leather,,Lunar magic (utility),81,78,,2 Astral rune;5 Fire rune;1 Nature rune;5 Untanned hides,5 Tanned hides,Fremennik,,,,1,,,,,,,,,,,
217,Dareeyak Teleport,,Ancient magicks (teleport),88,78,,2 Air rune;3 Fire rune;2 Law rune,,Desert,,,,1,,,,,,,,,,,
298,Dareeyak Teleport ,Tablet,Tablets,88,78,,2 Air rune;3 Fire rune;2 Law rune;1 Soft clay,1 Dareeyak teleport,Desert,,,,1,,,,,,,,,,,
220,Entangle,,Standard spellbook (combat),70,79,,5 Earth rune;4 Nature rune;5 Water rune,,All,,,,1,,,,,,,,,,,
221,Tele Group Khazard,,Lunar magic (teleport),81,79,,2 Astral rune;2 Law rune;8 Water rune,,Fremennik,,,,1,,,,,,,,,,,
222,Dream,,Lunar magic (utility),82,79,,2 Astral rune;5 Body rune;1 Cosmic rune,,Fremennik,,,,1,,,,,,,,,,,
223,Blood Blitz ,Splashing,Ancient magicks (combat),45,80,,4 Blood rune;2 Death rune,,Desert,,,,1,,,,,,,,,,,
224,Blood Blitz  ,Average damage; Defensive casting ,Ancient magicks (combat),61.625,80,,4 Blood rune;2 Death rune,,Desert,,,,1,,,,,,,,,,,
225,Blood Blitz ,Average damage,Ancient magicks (combat),70,80,,4 Blood rune;2 Death rune,,Desert,,,,1,,,,,,,,,,,
226,String Jewellery,,Lunar magic (utility),83,80,,2 Astral rune;10 Earth rune;5 Water rune;1 Unstrung amulet,1 String amulet,Fremennik,,,,1,,,,,,,,,,,
227,Stun,,Standard spellbook (combat),90,80,,12 Earth rune;1 Soul rune;12 Water rune,,All,,,,1,,,,,,,,,,,
228,Charge,,Standard spellbook (combat),180,80,,3 Air rune;3 Blood rune;3 Fire rune,,All,,,,1,,,,,,,,,,,
229,Wind Surge ,Splashing,Standard spellbook (combat),44.5,81,,7 Air rune;1 Wrath rune,,All,,,,1,,,,,,,,,,,
230,Wind Surge  ,Average damage; Defensive casting ,Standard spellbook (combat),58.465,81,,7 Air rune;1 Wrath rune,,All,,,,1,,,,,,,,,,,
231,Wind Surge ,Average damage,Standard spellbook (combat),65.5,81,,7 Air rune;1 Wrath rune,,All,,,,1,,,,,,,,,,,
232,Stat Restore Pot Share,,Lunar magic (combat),84,81,,2 Astral rune;10 Earth rune;10 Water rune;1 Stat restore potion,,Fremennik,,,,1,,,,,,,,,,,
233,Ice Blitz ,Splashing,Ancient magicks (combat),46,82,,2 Blood rune;2 Death rune;3 Water rune,,Desert,,,,1,,,,,,,,,,,
234,Ice Blitz  ,Average damage; Defensive casting ,Ancient magicks (combat),63.29,82,,2 Blood rune;2 Death rune;3 Water rune,,Desert,,,,1,,,,,,,,,,,
235,Ice Blitz ,Average damage,Ancient magicks (combat),72,82,,2 Blood rune;2 Death rune;3 Water rune,,Desert,,,,1,,,,,,,,,,,
236,Magic Imbue,,Lunar magic (utility),86,82,,2 Astral rune;7 Fire rune;7 Water rune,,Fremennik,,,,1,,,,,,,,,,,
237,Teleother Falador,,Standard spellbook (teleport),92,82,,1 Law rune;1 Soul rune;1 Water rune,,All,,,,1,,,,,,,,,,,
238,Fertile Soil,,Lunar magic (utility),87,83,,3 Astral rune;15 Earth rune;2 Nature rune,,Fremennik,,,,1,,,,,,,,,,,
241,Boost Potion Share,,Lunar magic (combat),88,84,,3 Astral rune;12 Earth rune;10 Water rune;1 Boost potion,,Fremennik,,,,1,,,,,,,,,,,
242,Carrallangar Teleport,,Ancient magicks (teleport),94,84,,2 Law rune;2 Soul rune,,Desert,,,,1,,,,,,,,,,,
299,Carrallangar Teleport ,Tablet,Tablets,94,84,,2 Law rune;2 Soul rune;1 Soft clay,1 Carrallangar teleport,Desert,,,,1,,,,,,,,,,,
243,Teleport to Bounty Target,,Standard spellbook (teleport),45,85,,1 Chaos rune;1 Death rune;1 Law rune,,All,,,,1,,,,,,,,,,,
244,Water Surge ,Splashing,Standard spellbook (combat),46.5,85,,7 Air rune;10 Water rune;1 Wrath rune,,All,,,,1,,,,,,,,,,,
245,Water Surge  ,Average damage; Defensive casting ,Standard spellbook (combat),61.13,85,,7 Air rune;10 Water rune;1 Wrath rune,,All,,,,1,,,,,,,,,,,
246,Water Surge ,Average damage,Standard spellbook (combat),68.5,85,,7 Air rune;10 Water rune;1 Wrath rune,,All,,,,1,,,,,,,,,,,
247,Tele Block,,Standard spellbook (teleport),80,85,,1 Chaos rune;1 Death rune;1 Law rune,,All,,,,1,,,,,,,,,,,
248,Fishing Guild Teleport,,Lunar magic (teleport),89,85,,3 Astral rune;3 Law rune;10 Water rune,,Fremennik,,,,1,,,,,,,,,,,
307,Fishing Guild Teleport ,Tablet,Tablets,89,85,,3 Astral rune;3 Law rune;10 Water rune;1 Soft clay,1 Fishing guild teleport,Fremennik,,,,1,,,,,,,,,,,
250,Smoke Barrage ,Splashing,Ancient magicks (combat),48,86,,4 Air rune;2 Blood rune;4 Death rune;4 Fire rune,,Desert,,,,1,,,,,,,,,,,
251,Smoke Barrage  ,Average damage; Defensive casting ,Ancient magicks (combat),65.955,86,,4 Air rune;2 Blood rune;4 Death rune;4 Fire rune,,Desert,,,,1,,,,,,,,,,,
252,Smoke Barrage ,Average damage,Ancient magicks (combat),75,86,,4 Air rune;2 Blood rune;4 Death rune;4 Fire rune,,Desert,,,,1,,,,,,,,,,,
257,Tele Group Fishing Guild,,Lunar magic (teleport),90,86,,3 Astral rune;3 Law rune;14 Water rune,,Fremennik,,,,1,,,,,,,,,,,
253,Plank Make ,Regular planks,Lunar magic (utility),90,86,,2 Astral rune;15 Earth rune;1 Nature rune;1 Logs;70 Coins,,Fremennik,,,,1,,,,,,,,,,,
254,Plank Make ,Oak planks,Lunar magic (utility),90,86,,2 Astral rune;15 Earth rune;1 Nature rune;1 Oak logs;175 Coins,,Fremennik,,,,1,,,,,,,,,,,
255,Plank Make ,Teak planks,Lunar magic (utility),90,86,,2 Astral rune;15 Earth rune;1 Nature rune;1 Teak logs;350 Coins,,Fremennik,,,,1,,,,,,,,,,,
256,Plank Make ,Mahogany planks,Lunar magic (utility),90,86,,2 Astral rune;15 Earth rune;1 Nature rune;1 Mahogany logs;1050 Coins,,Fremennik,,,,1,,,,,,,,,,,Summons a
258,Catherby Teleport,,Lunar magic (teleport),92,87,,3 Astral rune;3 Law rune;10 Water rune,,Fremennik,,,,1,,,,,,,,,,,
308,Catherby Teleport ,Tablet,Tablets,92,87,,3 Astral rune;3 Law rune;10 Water rune;1 Soft clay,1 Catherby teleport,Fremennik,,,,1,,,,,,,,,,,
259,Onyx Bolt Enchant,,Standard spellbook (utility),97,87,,1 Cosmic rune;1 Death rune;20 Fire rune;10 Onyx bolts,10 Onyx bolts (e),All,,,,1,,,,,,,,,,,
260,Lvl-6 Enchant,,Standard spellbook (utility),97,87,,1 Cosmic rune;20 Earth rune;20 Fire rune;1 Unenchanted onyx jewelry,1 Enchanted onyx jewelry,All,,,,1,,,,,,,,,,,
261,Lvl-6 Enchant ,Tablet,Tablets,97,87,,1 Cosmic rune;20 Earth rune;20 Fire rune;1 Soft clay,1 Enchant onyx,All,,,,1,,,,,,,,,,,
262,Shadow Barrage ,Splashing,Ancient magicks (combat),49,88,,4 Air rune;2 Blood rune;4 Death rune;3 Soul rune,,Desert,,,,1,,,,,,,,,,,
263,Shadow Barrage  ,Average damage; Defensive casting ,Ancient magicks (combat),67.62,88,,4 Air rune;2 Blood rune;4 Death rune;3 Soul rune,,Desert,,,,1,,,,,,,,,,,
264,Shadow Barrage ,Average damage,Ancient magicks (combat),77,88,,4 Air rune;2 Blood rune;4 Death rune;3 Soul rune,,Desert,,,,1,,,,,,,,,,,
265,Tele Group Catherby,,Lunar magic (teleport),93,88,,3 Astral rune;3 Law rune;15 Water rune,,Fremennik,,,,1,,,,,,,,,,,
266,Ice Plateau Teleport,,Lunar magic (teleport),96,89,,3 Astral rune;3 Law rune;8 Water rune,,Fremennik,,,,1,,,,,,,,,,,
309,Ice Plateau Teleport ,Tablet,Tablets,96,89,,3 Astral rune;3 Law rune;8 Water rune;1 Soft clay,1 Ice plateau teleport,Fremennik,,,,1,,,,,,,,,,,
267,Recharge Dragonstone,,Lunar magic (utility),97.5,89,,1 Astral rune;1 Soul rune;4 Water rune;25 Uncharged dragonstone jewelry,25 Charged dragonstone jewelry,Fremennik,,,,1,,,,,,,,,,,
268,Earth Surge ,Splashing,Standard spellbook (combat),48.5,90,,7 Air rune;10 Earth rune;1 Wrath rune,,All,,,,1,,,,,,,,,,,
269,Earth Surge  ,Average damage; Defensive casting ,Standard spellbook (combat),63.795,90,,7 Air rune;10 Earth rune;1 Wrath rune,,All,,,,1,,,,,,,,,,,
270,Earth Surge ,Average damage,Standard spellbook (combat),71.5,90,,7 Air rune;10 Earth rune;1 Wrath rune,,All,,,,1,,,,,,,,,,,
271,Tele Group Ice Plateau,,Lunar magic (teleport),99,90,,3 Astral rune;3 Law rune;16 Water rune,,Fremennik,,,,1,,,,,,,,,,,
272,Annakarl Teleport,,Ancient magicks (teleport),100,90,,2 Blood rune;2 Law rune,,Desert,,,,1,,,,,,,,,,,
300,Annakarl Teleport ,Tablet,Tablets,100,90,,2 Blood rune;2 Law rune;1 Soft clay,1 Annakarl teleport,Desert,,,,1,,,,,,,,,,,
275,Teleother Camelot,,Standard spellbook (teleport),100,90,,1 Law rune;2 Soul rune,,All,,,,1,,,,,,,,,,,
276,Energy Transfer,,Lunar magic (combat),100,91,,3 Astral rune;2 Law rune;1 Nature rune,,Fremennik,,,,1,,,,,,,,,,,
277,Blood Barrage ,Splashing,Ancient magicks (combat),51,92,,4 Blood rune;4 Death rune;1 Soul rune,,Desert,,,,1,,,,,,,,,,,
278,Blood Barrage  ,Average damage; Defensive casting ,Ancient magicks (combat),70.285,92,,4 Blood rune;4 Death rune;1 Soul rune,,Desert,,,,1,,,,,,,,,,,
279,Blood Barrage ,Average damage,Ancient magicks (combat),80,92,,4 Blood rune;4 Death rune;1 Soul rune,,Desert,,,,1,,,,,,,,,,,
280,Heal Other,,Lunar magic (combat),101,92,,3 Astral rune;1 Blood rune;3 Law rune,,Fremennik,,,,1,,,,,,,,,,,
281,Vengeance Other,,Lunar magic (combat),108,93,,3 Astral rune;2 Death rune;10 Earth rune,,Fremennik,,,,1,,,,,,,,,,,
282,Lvl-7 Enchant,,Standard spellbook (utility),110,93,,20 Blood rune;1 Cosmic rune;20 Soul rune;1 Unenchanted zenyte jewelry,1 Enchanted zenyte jewelry,All,,,,1,,,,,,,,,,,
284,Ice Barrage ,Splashing,Ancient magicks (combat),52,94,,2 Blood rune;4 Death rune;6 Water rune,,Desert,,,,1,,,,,,,,,,,
285,Ice Barrage  ,Average damage; Defensive casting ,Ancient magicks (combat),71.95,94,,2 Blood rune;4 Death rune;6 Water rune,,Desert,,,,1,,,,,,,,,,,
286,Ice Barrage ,Average damage,Ancient magicks (combat),82,94,,2 Blood rune;4 Death rune;6 Water rune,,Desert,,,,1,,,,,,,,,,,
287,Vengeance,,Lunar magic (combat),112,94,,4 Astral rune;2 Death rune;10 Earth rune,,Fremennik,,,,1,,,,,,,,,,,
288,Fire Surge ,Splashing,Standard spellbook (combat),50.5,95,,7 Air rune;10 Fire rune;1 Wrath rune,,All,,,,1,,,,,,,,,,,
289,Fire Surge  ,Average damage; Defensive casting ,Standard spellbook (combat),66.46,95,,7 Air rune;10 Fire rune;1 Wrath rune,,All,,,,1,,,,,,,,,,,
290,Fire Surge ,Average damage,Standard spellbook (combat),74.5,95,,7 Air rune;10 Fire rune;1 Wrath rune,,All,,,,1,,,,,,,,,,,
291,Heal Group,,Lunar magic (combat),124,95,,4 Astral rune;3 Blood rune;6 Law rune,,Fremennik,,,,1,,,,,,,,,,,
292,Ghorrock Teleport,,Ancient magicks (teleport),106,96,,2 Law rune;8 Water rune,,Desert,,,,1,,,,,,,,,,,
301,Ghorrock Teleport ,Tablet,Tablets,106,96,,2 Law rune;8 Water rune;1 Soft clay,1 Ghorrock teleport,Desert,,,,1,,,,,,,,,,,
293,Spellbook Swap,,Lunar magic (utility),130,96,,3 Astral rune;2 Cosmic rune;1 Law rune,,Fremennik,,,,1,,,,,,,,,,,
